,Network TV,Spot TV,SLN TV,Cable TV,Syndication,Magazines,Sunday Mags,Local Mags,Hispanic Mags,B-to-B,Natl Newsp,Newspapers,Hispanic Newsp,Network Radio,Natl Spot Radio,Cinema,Int Display,Mobile Web (from Apr 2015),Mobile App,Online Video,Int Search,Outdoor,GRAND TOTAL,date,mmyy,val_EMA
2,2283472.1,1245766.4,269588.5,1379213.1,322826.3,983026.0,144734.2,25333.0,2716.6,219550.3,175748.2,1232785.4,19023.2,69856.2,128090.2,0.0,845338.9,0.0,0,0.0,799086.6,235192.4,10381347.5,JAN 2010  DOLS (000),2010-Jan,10381347.5
3,2364690.2,1383482.0,257865.2,1422210.9,297896.2,1268429.0,149801.1,22538.3,4000.1,212876.5,176798.5,1101247.7,19301.7,68957.2,125561.4,0.0,776372.8,0.0,0,0.0,986037.7,245273.2,10883339.6,FEB 2010  DOLS (000),2010-Feb,10405834.919512196
4,2210442.2,1278998.8,271739.1,1749821.8,333494.2,1795624.0,158629.6,29534.6,5001.4,252364.9,235587.4,1258466.7,22539.8,76883.1,143107.7,0.0,842918.8,0.0,0,0.0,1076884.4,303950.9,12045989.3,MAR 2010  DOLS (000),2010-Mar,10485842.450267699
5,2052522.5,1240230.8,296231.3,1655873.1,321717.3,1674933.6,143872.5,25856.7,7324.4,238711.1,201851.5,1181266.6,20804.2,71226.1,136539.5,0.0,860617.8,0.0,0,0.0,1103413.5,288086.5,11521078.9,APR 2010  DOLS (000),2010-Apr,10536341.78927903
6,2122564.9,1261490.1,318922.8,1820155.4,331236.2,1861555.1,191584.0,27941.4,5583.6,247840.4,192778.4,1316416.0,23001.4,86642.1,198136.6,0.0,778196.2,0.0,0,0.0,1149793.7,329486.8,12263325.2,MAY 2010  DOLS (000),2010-May,10620584.882484931
7,1359052.7,1325883.3,415511.4,1802726.4,323330.8,1685435.0,128230.4,25962.1,6574.5,243422.6,216749.3,1169753.3,22587.5,64862.4,159639.8,0.0,927101.1,0.0,0,0.0,1133074.1,313049.9,11322946.6,JUN 2010  DOLS (000),2010-Jun,10654846.429680789
8,1201967.6,1392642.3,344573.4,1577157.3,340379.7,1311761.0,108253.5,22659.2,4288.5,195352.1,155805.7,1135491.6,20584.5,61032.0,140817.0,0.0,742930.7,0.0,0,0.0,1212486.6,322918.8,10291101.4,JUL 2010  DOLS (000),2010-Jul,10637102.76969636
9,1212604.8,1560714.8,303360.8,1749957.1,324510.4,1302200.1,143694.9,27037.3,5168.9,203401.7,152160.6,1215182.0,21071.0,81157.3,183368.7,0.0,720344.3,0.0,0,0.0,1250959.6,352368.9,10809263.0,AUG 2010  DOLS (000),2010-Aug,10645500.82971117
10,1823972.7,1665947.0,288181.1,1983752.1,344950.4,2175792.9,173012.3,30546.4,7286.2,268046.5,228565.4,1291221.5,21999.4,80900.3,180476.9,0.0,821392.1,0.0,0,0.0,1080245.4,334943.8,12801232.3,SEP 2010  DOLS (000),2010-Sep,10750658.462408185
11,2288299.1,1773726.8,305481.4,2022963.0,385851.0,2027518.1,197923.9,30124.2,7985.4,273683.4,246387.0,1496606.7,24284.3,97123.2,261194.2,0.0,849623.4,0.0,0,0.0,1213666.3,345094.2,13847535.6,OCT 2010  DOLS (000),2010-Oct,10901725.639851687
12,2191674.9,1650704.4,319567.1,2233884.5,387760.7,2028646.2,188670.0,33477.5,6589.6,276587.0,266407.2,1460712.8,23196.4,73101.9,176580.5,0.0,1010381.4,0.0,0,0.0,1019025.5,385786.9,13732754.4,NOV 2010  DOLS (000),2010-Nov,11039824.603761362
13,1825651.7,1678513.2,307020.6,2014699.2,397139.9,1963337.8,170087.6,34220.6,4734.6,235053.8,252179.0,1429225.0,21393.8,77229.3,154171.5,0.0,973976.9,0.0,0,0.0,1331615.7,313993.9,13184244.1,DEC 2010  DOLS (000),2010-Dec,11144430.432846174
14,2036279.7,1312146.7,254528.8,1774881.1,370719.2,1094749.7,155375.5,24735.3,4602.6,228982.2,159958.9,1197302.7,17976.0,74570.7,113904.4,0.0,1082803.1,0.0,0,0.0,1302196.3,294451.2,11500164.1,JAN 2011  DOLS (000),2011-Jan,11161783.294658555
15,1948663.2,1260638.9,253549.7,1570136.9,345115.2,1354086.8,133629.2,23038.6,3487.6,220456.9,178093.1,1123740.1,17942.7,65608.2,126304.9,0.0,945926.8,0.0,0,0.0,1057976.0,278799.6,10907194.3,FEB 2011  DOLS (000),2011-Feb,11149364.319309356
16,2053369.8,1271494.4,279444.3,2133354.9,395743.9,1845296.7,134323.3,27716.3,4905.7,241050.9,204757.0,1243515.9,20588.7,73730.2,143404.5,0.0,1171205.4,0.0,0,0.0,1161030.9,308674.7,12713607.4,MAR 2011  DOLS (000),2011-Mar,11225668.85983085
17,1972487.1,1221860.4,320663.0,1901261.0,388603.2,1703823.0,133886.4,28197.7,8874.8,235987.6,191139.9,1199397.1,22124.9,72602.5,143751.9,0.0,1110542.4,0.0,0,0.0,845144.3,318633.3,11818980.5,APR 2011  DOLS (000),2011-Apr,11254610.891058614
18,2086165.6,1291489.9,366010.8,1946924.2,407077.6,1940609.4,180288.2,28587.7,7746.6,253109.8,202587.1,1316780.2,21984.1,89767.9,196515.9,0.0,1149840.1,0.0,0,0.0,866598.3,366830.0,12718913.6,MAY 2011  DOLS (000),2011-May,11326040.29149478
19,1368524.4,1244799.4,384101.2,1932056.7,380579.6,1703028.8,113566.3,22951.1,8273.7,244386.6,202259.5,1194314.4,21937.9,69314.3,152795.1,0.0,1102068.8,0.0,0,0.0,969122.2,349298.6,11463378.7,JUN 2011  DOLS (000),2011-Jun,11332739.72605601
20,1144926.4,1263705.8,386151.2,1653573.8,377770.4,1272820.9,113895.5,23190.5,6493.2,201137.0,153594.0,1152221.2,22477.9,81820.9,165150.0,0.0,1051246.1,0.0,0,0.0,951011.3,332696.1,10353882.2,JUL 2011  DOLS (000),2011-Jul,11284990.57844352
21,1139321.6,1508256.3,336551.9,1961908.3,393336.2,1251956.2,136173.9,25299.9,5923.7,208916.6,163464.0,1133658.0,20402.1,69327.4,153592.9,0.0,1071443.7,0.0,0,0.0,963419.2,348200.6,10891152.6,AUG 2011  DOLS (000),2011-Aug,11265778.969738957
22,1932742.0,1567296.2,330431.1,2176933.3,387930.1,2193591.1,165406.6,30010.4,7804.5,275818.1,218076.9,1216711.3,22296.2,78339.7,174222.7,0.0,970478.7,0.0,0,0.0,970322.4,361295.8,13079707.1,SEP 2011  DOLS (000),2011-Sep,11354263.26877608
23,2546371.4,1498454.3,355561.8,2194950.5,458050.3,2010582.9,188703.4,29602.2,8454.8,281275.9,241167.1,1359809.3,26093.4,101291.2,201125.6,0.0,943510.2,0.0,0,0.0,1155134.1,383735.7,13983874.2,OCT 2011  DOLS (000),2011-Oct,11482536.972738221
24,2343516.0,1582259.7,405726.6,2335894.8,416370.6,1867968.0,179480.3,32651.0,7206.8,259477.5,238682.4,1435787.0,25318.3,81011.0,166149.5,0.0,966483.2,0.0,0,0.0,966575.1,359088.8,13669646.5,NOV 2011  DOLS (000),2011-Nov,11589225.242360748
25,1879641.5,1582851.4,387820.1,2097881.0,424765.5,1832167.9,138596.6,31841.3,6593.7,230340.4,256104.4,1360537.9,24493.4,75694.7,142495.7,0.0,932633.2,0.0,0,0.0,1157449.3,313530.5,12875438.5,DEC 2011  DOLS (000),2011-Dec,11651967.352489492
26,2141462.1,1320823.3,277129.3,1849295.2,423242.5,995373.6,118368.3,25030.0,5059.7,223848.8,144908.7,1092942.8,17751.4,85843.0,116526.8,0.0,946878.5,0.0,0,0.0,1093433.5,304370.5,11182287.9,JAN 2012  DOLS (000),2012-Jan,11629056.159685126
27,2011071.0,1338844.6,296672.3,1716645.9,416582.5,1268649.7,138080.6,23570.1,5101.6,216750.6,168058.0,1077694.8,19057.3,84589.2,117052.0,0.0,1025423.4,0.0,0,0.0,914309.4,296159.7,11134312.7,FEB 2012  DOLS (000),2012-Feb,11604922.332383411
28,2280098.0,1294776.9,319691.4,2412378.1,446576.2,1850392.9,148020.3,31145.5,8110.3,228309.6,194183.8,1193249.1,22856.0,92521.9,136437.9,0.0,1171161.0,0.0,0,0.0,1010994.2,322523.9,13163426.9,MAR 2012  DOLS (000),2012-Mar,11680946.945437878
29,2000668.5,1256546.2,378452.9,1938881.4,419605.0,1736254.8,149825.3,27453.8,7734.8,237849.4,184539.2,1199924.8,21053.3,104190.3,167562.6,0.0,1089297.2,0.0,0,0.0,916150.1,347604.4,12183594.0,APR 2012  DOLS (000),2012-Apr,11705466.313953103
30,2036109.1,1351615.5,398159.6,2095384.9,446248.2,1800015.8,141068.3,28972.5,6626.7,233707.7,182109.4,1240975.6,20944.9,87361.0,158233.9,0.0,1089937.0,0.0,0,0.0,976961.8,353185.9,12647617.9,MAY 2012  DOLS (000),2012-May,11751424.92790661
31,1326015.7,1328475.2,365588.4,2091194.4,428203.7,1666204.7,105623.4,23718.2,7587.0,234371.4,170775.7,1188135.1,22758.8,86557.5,152543.2,0.0,1027755.3,0.0,0,0.0,936486.6,359961.7,11521956.1,JUN 2012  DOLS (000),2012-Jun,11740231.326545311
32,1404674.7,1532990.8,351010.1,1742488.0,426976.7,1301438.5,114331.1,24914.0,6201.7,193329.7,120911.5,1121204.5,21223.1,95308.2,179024.5,0.0,986855.2,0.0,0,0.0,977927.6,379790.2,10980600.0,JUL 2012  DOLS (000),2012-Jul,11703176.139884565
33,1854688.7,1912675.8,383775.4,1921696.8,434371.4,1161063.3,130176.0,25835.7,6819.3,196730.2,125960.5,1128996.9,23461.3,78701.7,152967.4,0.0,1060093.6,0.0,0,0.0,860079.2,351031.0,11809124.2,AUG 2012  DOLS (000),2012-Aug,11708344.337938977
34,2040186.6,1681819.8,411324.1,2379993.8,405127.7,2102121.9,163584.5,30139.9,7971.2,261151.2,201884.7,1278807.4,24536.4,115730.5,207416.1,0.0,1038734.2,0.0,0,0.0,862322.1,362192.2,13575044.0,SEP 2012  DOLS (000),2012-Sep,11799402.858039513
35,2300185.2,1873162.1,474341.8,2267072.3,438171.1,1910539.7,154378.2,30735.0,9710.1,268585.9,213450.2,1256734.1,24645.8,82531.5,196218.0,0.0,1003512.4,0.0,0,0.0,808552.4,399772.7,13712298.6,OCT 2012  DOLS (000),2012-Oct,11892714.84545222
36,2561565.7,1698317.5,468351.1,2277693.6,425658.9,1857665.6,186693.3,33855.8,7256.5,250291.3,208467.4,1383568.0,27096.8,84211.3,179880.1,0.0,946786.3,0.0,0,0.0,801469.3,385312.2,13784140.9,NOV 2012  DOLS (000),2012-Nov,11984979.531039916
37,2184639.1,1650605.9,430809.2,2024554.8,421692.2,1869049.0,174782.5,29737.8,7731.5,226716.3,224797.4,1411533.4,25466.8,85894.5,175811.8,0.0,961560.8,0.0,0,0.0,808644.7,359426.1,13073453.9,DEC 2012  DOLS (000),2012-Dec,12038075.841720896
38,2137673.9,1300204.5,348759.8,1940089.7,441492.4,1004439.0,98440.0,24105.4,3102.3,211345.0,140060.4,964958.6,18785.4,60388.7,91603.2,26236.2,1069413.9,0.0,0,31081.0,823558.6,300752.2,11036490.3,JAN 2013  DOLS (000),2013-Jan,11989218.010417437
39,1905298.5,1302638.4,340413.7,1810086.0,397696.5,1275487.8,140734.1,23385.6,5831.7,211697.1,148201.3,985637.0,18312.9,66647.0,121631.3,39941.2,1057799.6,0.0,0,33772.2,676206.7,318716.4,10880134.9,FEB 2013  DOLS (000),2013-Feb,11935116.395275122
40,2036806.1,1255042.1,382748.0,2492871.8,433378.3,1847430.7,163617.0,27712.4,11012.2,227171.2,172325.5,1156398.5,23705.3,96005.0,177999.1,35944.6,1057536.8,0.0,0,36643.1,837474.0,343118.8,12814940.8,MAR 2013  DOLS (000),2013-Mar,11978034.658920236
41,2018048.9,1193162.3,399605.7,2248575.3,426462.5,1765452.4,136530.0,26381.7,9691.8,229423.9,175031.4,1047704.3,20762.0,68052.9,142168.2,29086.3,1043214.5,0.0,0,34732.8,809507.3,368893.3,12192487.5,APR 2013  DOLS (000),2013-Apr,11988495.773119248
42,1993441.1,1295504.5,419338.1,2590605.6,441053.1,1809381.6,140013.0,29017.2,9381.1,224198.8,181758.8,1155793.4,24785.9,72461.6,170435.0,81731.9,1070015.4,0.0,0,35131.9,826594.0,380341.5,12950983.4,MAY 2013  DOLS (000),2013-May,12035446.38906465
43,1584232.8,1303001.6,446086.0,2172708.9,411269.9,1657915.3,143472.3,25626.3,9967.2,204711.5,181023.0,1121006.2,24100.9,84754.0,193410.0,109793.7,1093138.8,0.0,0,28763.6,721415.3,389984.7,11906381.9,JUN 2013  DOLS (000),2013-Jun,12029150.560329787
44,1158236.3,1340704.0,477190.2,1884811.7,434455.9,1317187.9,93555.0,24475.8,8204.6,181202.5,113143.0,960493.0,20669.2,62767.3,134014.2,110317.0,1085830.3,0.0,0,75061.0,861382.8,379526.9,10723228.6,JUL 2013  DOLS (000),2013-Jul,11965447.050069798
45,1146986.2,1511695.7,381148.7,2135839.1,422135.8,1193686.4,138978.1,26422.2,8317.2,181912.1,121549.3,1115431.0,24793.7,68743.1,151640.7,65645.0,1139933.9,0.0,0,75912.5,714996.6,361704.9,10987472.2,AUG 2013  DOLS (000),2013-Aug,11917740.95982249
46,2106125.6,1562403.7,398831.5,2311658.9,403896.9,2240337.8,163648.7,30029.6,12038.8,248383.5,184935.3,1170491.0,23072.9,89428.5,207776.4,48208.6,1200722.3,0.0,0,76640.2,717043.6,413586.8,13609260.8,SEP 2013  DOLS (000),2013-Sep,12000254.122757979
47,2480438.6,1602360.3,392213.5,2501644.4,461442.3,1925555.2,165518.7,29678.9,9418.7,237627.2,200939.2,1138303.0,24359.2,73444.6,148826.0,51749.2,1242513.1,0.0,0,108734.8,743767.6,387387.0,13925921.7,OCT 2013  DOLS (000),2013-Oct,12094189.126525883
48,2485930.4,1549421.9,396245.9,2237903.8,442987.0,1836391.4,166565.2,34838.8,9932.9,229762.3,219067.4,1271262.3,27559.1,77141.0,149776.9,77607.6,1281715.4,0.0,0,107562.6,799433.7,391116.7,13792222.4,NOV 2013  DOLS (000),2013-Nov,12177020.017914863
49,2248877.4,1613191.0,434588.5,2075156.5,442391.5,1866797.7,171061.9,31688.2,9068.7,208008.9,223267.1,1257662.4,23901.9,91545.8,185871.4,115580.0,1288849.4,0.0,0,94409.5,1220741.3,372155.4,13974814.4,DEC 2013  DOLS (000),2013-Dec,12264717.304845845
50,2202904.3,1330048.4,375932.5,2041705.0,457593.3,928633.4,98303.8,24118.6,4224.4,194374.3,149867.5,928443.8,18703.0,53925.5,92405.6,25006.9,1206455.7,0.0,0,66801.0,1238955.4,303305.8,11741708.1,JAN 2014  DOLS (000),2014-Jan,12239204.660707023
51,2509373.8,1488102.9,344832.8,1963719.8,410575.8,1241259.9,128890.1,23074.1,10079.3,201298.6,172180.5,934837.1,19106.3,65689.7,145963.9,29644.7,1212441.2,0.0,0,52140.0,944919.3,312099.0,12210228.8,FEB 2014  DOLS (000),2014-Feb,12237791.204087168
52,2143513.4,1282972.4,362444.4,2630844.3,444887.2,1856201.1,154295.3,31356.4,11242.1,213377.7,173678.8,1096369.2,22955.8,91408.8,178983.9,37087.8,1110282.0,0.0,0,82842.0,1207063.2,374027.6,13505833.4,MAR 2014  DOLS (000),2014-Mar,12299646.920960963
53,1872148.1,1209097.7,423072.5,2557280.2,428798.3,1595248.7,116501.4,24480.5,8421.3,199972.4,166564.1,972554.0,20852.3,73031.8,131694.2,36646.3,1066352.5,0.0,0,85629.4,1147886.4,346964.0,12483196.3,APR 2014  DOLS (000),2014-Apr,12308600.54920677
54,1825811.7,1293743.2,396110.0,2748304.4,448639.2,1724799.4,118626.1,28367.6,9653.2,205324.0,168768.2,1066555.0,25487.5,73915.0,162138.8,67608.7,1151009.6,0.0,0,76443.6,1255106.4,374399.3,13220811.0,MAY 2014  DOLS (000),2014-May,12353098.61997717
55,1486408.2,1332261.2,568990.2,2400662.7,416040.8,1626267.2,123673.5,24485.6,10139.0,197674.0,149590.1,998481.3,22076.6,90935.9,181706.5,81396.7,1120355.9,0.0,0,43427.2,1130256.2,400164.6,12404993.4,JUN 2014  DOLS (000),2014-Jun,12355630.07266121
56,1118756.9,1420421.7,480725.4,2067141.4,442068.2,1221380.3,81955.0,25788.8,9564.0,166379.9,98978.0,858550.2,19577.4,60593.6,133503.4,97207.3,1058955.2,0.0,0,51126.8,1220708.1,365217.4,10998599.1,JUL 2014  DOLS (000),2014-Jul,12289433.439848468
57,1086667.0,1549179.3,352920.1,2325314.0,418975.5,1099461.3,140882.1,25428.1,8887.7,176222.6,126382.5,1007085.9,24530.3,82964.9,199796.4,79683.1,1131386.1,0.0,0,57737.6,1248999.3,363713.2,11506216.8,AUG 2014  DOLS (000),2014-Aug,12251227.750099761
58,2184145.2,1664081.3,405420.9,2453353.1,420063.0,2187930.0,140943.2,29681.9,9905.8,224489.1,207459.5,938956.5,20734.5,76770.4,172129.0,33153.9,1194156.2,0.0,0,60284.9,1179386.8,393434.9,13996480.1,SEP 2014  DOLS (000),2014-Sep,12336362.011070505
59,2497559.6,1921714.3,390127.9,2437614.5,440618.0,1799545.7,124850.1,32414.2,11136.1,221814.9,220672.9,997984.2,24841.1,66357.9,177894.0,40700.9,1164823.7,0.0,0,56071.4,1311296.3,391554.3,14329592.1,OCT 2014  DOLS (000),2014-Oct,12433592.747115845
60,2663252.8,1634074.3,428949.3,2355334.9,416502.7,1691829.0,165718.2,34270.3,12152.1,220518.0,204300.5,1139270.9,27079.7,88512.8,213920.2,83663.5,1083148.1,0.0,0,63339.4,1344320.0,384588.9,14254745.5,NOV 2014  DOLS (000),2014-Nov,12522429.46676873
61,2138267.5,1613162.7,426085.8,2256536.4,445721.3,1763439.6,94295.4,33806.0,5988.7,202021.4,217195.2,971712.2,22665.3,68486.0,140853.4,98926.7,1150248.4,0.0,0,67432.0,1388610.7,388172.8,13493627.4,DEC 2014  DOLS (000),2014-Dec,12569804.97570684
62,2100409.5,1329315.1,423098.3,2237026.7,442083.0,823152.6,58226.4,23528.1,4216.6,185635.6,133616.1,792717.3,19800.0,52313.9,90966.7,28332.7,1094896.2,0.0,0,51014.8,1303999.8,327043.6,11521393.1,JAN 2015  DOLS (000),2015-Jan,12518662.932989433
63,2049145.2,1323361.9,351564.4,1982416.7,382928.1,1116715.9,99827.3,22883.1,5506.1,180182.9,140247.8,757966.7,18775.2,63377.5,142889.6,29161.6,1056134.6,0.0,0,58882.3,1164444.8,329251.7,11275663.6,FEB 2015  DOLS (000),2015-Feb,12458028.81918507
64,2104580.4,1234865.0,354624.7,2712372.1,423187.7,1771302.3,115918.8,28372.8,7865.3,195391.8,154462.0,905038.2,21454.5,91065.5,163354.5,32254.3,1046333.7,0.0,0,64434.2,1346528.0,383930.0,13157335.7,MAR 2015  DOLS (000),2015-Mar,12492141.349956531
65,1833109.1,1212362.4,353260.4,2569052.1,419130.8,1501988.2,65184.9,25302.7,7766.7,176140.6,157124.3,832728.1,16685.9,65376.6,129611.7,25668.1,1004972.4,178964.4,0,62215.6,1276525.9,361071.8,12274242.6,APR 2015  DOLS (000),2015-Apr,12481512.142641578
66,1783921.0,1253624.8,370099.9,2582427.2,418654.7,1610944.8,83727.0,26707.8,7259.0,190565.7,162085.6,931958.4,19729.9,82767.2,193447.0,60741.3,1068676.5,200261.7,0,63904.6,1301026.2,385623.9,12798154.1,MAY 2015  DOLS (000),2015-May,12496958.091781013
67,1586190.2,1280008.7,373590.4,2153220.5,413288.6,1501884.0,67862.2,23615.9,6689.1,181167.5,145684.0,748205.6,17451.2,69682.7,158044.9,75914.6,1083644.3,197052.1,0,53095.4,1291626.5,424205.0,11852123.4,JUN 2015  DOLS (000),2015-Jun,12465502.740962427
68,1163674.6,1352526.6,482798.6,2000647.7,429618.6,1112612.5,53972.7,27425.7,11121.9,155070.4,105830.7,708712.1,17283.3,57827.3,126456.5,80046.3,1007700.6,204894.2,0,71693.2,1339870.1,370164.9,10879948.6,JUL 2015  DOLS (000),2015-Jul,12388158.636525234
69,1082018.3,1465298.6,406952.8,2160449.1,407896.6,1029307.1,98001.8,22744.1,4621.3,160193.7,117354.2,797025.7,20180.3,78727.3,184877.3,45566.5,1011919.7,210048.8,0,72748.4,1299887.6,412747.9,11088567.1,AUG 2015  DOLS (000),2015-Aug,12324763.927426443
70,2110602.1,1604677.1,398816.2,2427228.5,410835.8,2037754.1,124330.0,33485.5,5625.6,198399.6,190152.6,775747.8,17649.8,73262.5,174282.1,31090.6,885916.4,201625.0,0,72402.5,1264852.8,405547.4,13444284.2,SEP 2015  DOLS (000),2015-Sep,12379374.672430031
71,2649892.5,1545468.1,396437.9,2392539.2,434676.4,1680769.7,84413.4,29833.7,3690.3,205904.5,193588.6,834705.1,20007.3,67594.3,158902.0,35615.8,852039.9,189060.7,0,97672.4,1487882.8,414091.1,13774785.6,OCT 2015  DOLS (000),2015-Oct,12447443.498165151
72,3045546.0,1588514.3,373457.5,2425283.5,409483.6,1741080.8,102577.7,30120.3,4676.1,209635.3,202763.2,958826.0,21421.0,90589.8,199613.4,63777.5,873890.7,224351.0,0,126464.4,1545979.2,455386.2,14693437.8,NOV 2015  DOLS (000),2015-Nov,12557004.19581563
73,2199243.3,1596685.8,392750.9,2394151.9,436185.5,1660691.7,91820.9,28950.8,3226.2,170603.4,211361.2,805595.2,17705.8,76773.0,177948.2,95789.0,901743.3,248425.7,0,119027.4,1619959.1,376959.2,13625597.7,DEC 2015  DOLS (000),2015-Dec,12609130.708214868
74,2355322.7,1327837.8,326831.1,2150134.8,429447.6,820862.5,68069.0,20383.4,898.7,167403.0,145441.6,699397.6,15356.7,64566.9,128881.7,35664.8,890800.4,235807.7,0,83298.4,1507888.1,346956.4,11821251.0,JAN 2016  DOLS (000),2016-Jan,12570697.551716581
75,2113809.0,1417261.2,319778.3,1971416.2,405643.5,1118343.5,90994.5,23672.9,3432.1,165511.4,148360.7,667535.8,14655.0,64985.6,139601.7,30020.2,911804.0,223897.8,0,100431.5,1221931.7,376787.6,11529874.0,FEB 2016  DOLS (000),2016-Feb,12519925.67114504
76,2167597.8,1345219.1,349677.3,2607655.4,412298.5,1661986.0,108992.6,23767.6,4318.1,166494.4,161023.9,708977.2,16388.1,73656.0,146374.5,41554.9,1003575.4,232127.6,0,114690.3,1531729.0,385762.6,13263866.1,MAR 2016  DOLS (000),2016-Mar,12556215.448162356
77,1667149.4,1190454.1,379261.8,2652937.4,407804.2,1379401.3,75450.0,22434.1,3226.3,171412.0,152204.8,731016.1,16704.2,68030.8,141816.1,30865.1,1152131.6,259894.7,0,114218.2,1740508.8,387708.6,12744629.6,APR 2016  DOLS (000),2016-Apr,12565406.382398337
78,1757188.7,1293324.4,405160.9,2591432.0,407706.4,1606199.1,87118.3,24718.9,4557.3,159132.9,140220.4,788164.3,17609.5,78654.1,209794.4,55211.2,1024098.4,233088.9,0,96424.4,1744035.4,450518.3,13174357.9,MAY 2016  DOLS (000),2016-May,12595111.334476467
79,1580096.0,1353448.9,494721.7,2077005.6,394452.7,1314819.0,63166.0,21865.6,3333.9,143810.9,145072.6,702529.7,16740.0,64697.2,162249.9,84394.5,1006156.8,229889.0,0,88233.0,1778352.9,420777.4,12145813.2,JUN 2016  DOLS (000),2016-Jun,12573194.352306884
80,1182849.3,1361205.0,327245.0,2041040.4,400411.4,1057308.3,59058.9,24960.2,3973.6,131248.2,102661.0,700149.2,16457.6,74152.9,165077.1,84425.9,980116.8,245882.9,0,101972.0,1824081.4,394790.0,11279067.2,JUL 2016  DOLS (000),2016-Jul,12510066.198535817
81,2783559.1,2042388.7,363321.3,2225038.7,406128.0,974380.2,83505.9,20741.5,2495.7,137722.6,113274.8,667807.7,16740.4,61554.8,151168.8,56282.5,1041510.2,238974.8,0,82144.6,1730932.1,419578.1,13619250.6,AUG 2016  DOLS (000),2016-Aug,12564172.754704801
82,2120550.7,1674274.8,328172.6,2374501.6,384602.6,1760688.6,112004.0,24898.0,4049.4,172959.5,166666.5,695735.2,16070.0,75188.1,193797.0,32551.6,1026187.9,233400.9,0,70058.5,1469889.8,419405.0,13355652.4,SEP 2016  DOLS (000),2016-Sep,12602781.517889932
83,3019181.2,1841670.2,381130.9,2404653.8,406913.3,1581884.0,85260.3,26696.8,2830.2,174494.2,172732.1,760302.5,18179.8,86607.7,232737.6,33106.7,888033.3,258832.1,0,37603.1,1229380.7,451661.1,14093891.5,OCT 2016  DOLS (000),2016-Oct,12675518.590187984
84,2982663.6,1693670.1,374516.1,2367305.4,396653.9,1536186.0,92162.4,28034.0,4422.8,166432.7,178376.0,802064.1,19118.3,71621.6,192644.1,60249.3,930331.4,241711.7,0,76638.8,1309965.5,453184.3,13977952.2,NOV 2016  DOLS (000),2016-Nov,12739051.937008081
85,2366482.0,1506475.4,372295.9,2456115.7,417174.8,1560185.8,80927.9,27409.7,2303.6,133479.7,152450.5,687464.1,17930.5,71090.3,185095.6,105294.8,929344.6,235651.0,0,60622.6,1693747.5,401760.9,13463302.8,DEC 2016  DOLS (000),2016-Dec,12774381.247397931
86,2565219.1,1269237.8,334151.8,2217115.8,408778.4,859063.2,74484.3,18372.2,393.1,137082.6,118063.8,603720.9,13128.7,69085.5,126749.3,32219.3,840521.9,299104.6,0,41335.0,1643405.3,378552.7,12049785.4,JAN 2017  DOLS (000),2017-Jan,12739035.108500471
87,2133040.9,1266835.0,313371.7,1948315.5,372965.6,909139.7,84634.1,18834.4,2054.3,122513.5,133383.2,579726.0,11414.2,59985.6,131410.8,29934.8,713344.0,272636.3,0,50534.4,1425456.3,353577.2,10933107.6,FEB 2017  DOLS (000),2017-Feb,12650941.08369557
88,2202280.0,1224946.8,329686.9,2588235.9,412760.1,1433640.8,102050.6,21978.6,2451.1,141817.4,159534.6,622511.8,14186.2,76893.9,147968.7,39779.2,779887.8,294742.7,0,50554.3,1677877.9,390889.5,12714674.9,MAR 2017  DOLS (000),2017-Mar,12654050.050344568
89,1873354.2,1077501.4,350768.4,2353434.0,387370.7,1215381.9,71305.7,20926.7,2427.7,127899.0,149708.2,664266.7,13425.6,82451.2,169711.2,34588.2,754585.4,293235.9,0,54679.4,1649623.6,386259.6,11732904.5,APR 2017  DOLS (000),2017-Apr,12609116.121059466
90,1746345.8,1254625.0,361450.0,2545119.5,408545.0,1395641.6,80640.5,23896.1,2797.2,134069.9,145637.9,636582.2,12574.8,68341.5,170247.5,47136.5,765618.2,258052.1,0,56745.2,1567791.5,465173.2,12147031.3,MAY 2017  DOLS (000),2017-May,12586575.398080956
91,1453319.4,1279959.0,380156.3,2053442.3,389543.9,1227262.2,58867.7,18734.7,2049.3,124059.6,134589.6,613229.6,12747.0,67093.4,175592.0,71097.2,697153.5,236783.2,0,32782.6,1625534.2,445574.7,11099571.4,JUN 2017  DOLS (000),2017-Jun,12514038.617686763
92,1150339.2,1234604.7,376062.3,1792683.0,398077.2,1005409.1,52701.1,21812.8,2099.4,103892.5,91579.9,596400.0,11700.5,78376.8,186468.4,82516.9,772984.4,299160.9,0,51968.3,1599689.3,425044.4,10333571.2,JUL 2017  DOLS (000),2017-Jul,12407674.353409361
93,1133862.5,1528256.4,327708.7,2018204.3,408926.9,825165.2,88175.6,20237.8,2451.0,118996.3,119502.9,612156.2,12158.3,64880.3,151878.3,40153.1,743790.3,269124.5,0,52760.9,1650231.7,402370.6,10590992.0,AUG 2017  DOLS (000),2017-Aug,12319055.702023538
94,2178238.7,1395275.5,326650.4,2252247.3,395726.5,1600721.0,96027.7,23343.6,2870.8,149056.0,146880.2,604870.2,10913.5,73006.8,182711.7,34092.9,823318.1,260090.4,0,51572.1,1486918.6,435493.7,12530025.7,SEP 2017  DOLS (000),2017-Sep,12329346.921437023
95,3253336.3,1437244.6,331788.0,2249639.7,407265.2,1369365.0,78311.9,22716.1,2729.7,152025.6,156038.1,675428.1,13081.8,82877.6,206920.6,26960.6,820126.7,287409.6,0,41924.5,1541724.1,471707.9,13628621.8,OCT 2017  DOLS (000),2017-Oct,12392726.18380595
96,3290874.6,1521453.6,339105.0,2248919.1,404110.9,1311620.4,90696.2,27239.7,2799.4,133637.5,166771.6,689163.0,13779.7,71813.1,174851.5,69434.6,848141.3,266647.9,0,41929.5,1443871.4,433052.5,13589912.6,NOV 2017  DOLS (000),2017-Nov,12451125.521181269
97,2647740.0,1411376.5,328551.2,2195274.1,417926.9,1248701.5,80568.2,21952.9,3139.0,118009.2,187649.6,621917.7,12080.8,85870.8,209783.4,121862.0,889634.7,277205.0,0,41483.5,1604665.2,396244.3,12921636.5,DEC 2017  DOLS (000),2017-Dec,12474077.276245598
98,1857760.9,1160763.7,224928.9,2870016.4,339361.2,687772.6,52751.2,17345.3,989.9,122960.2,126212.0,494647.7,9315.9,56182.3,105675.8,33848.6,986841.6,609385.1,0,340459.9,1526861.2,362452.8,11986532.9,JAN 2018  DOLS (000),2018-Jan,12450294.623745812
99,1959811.4,1356979.6,265126.3,2648429.2,333674.4,725840.6,70022.9,16121.6,694.5,118353.5,143211.9,514073.9,8789.5,65644.6,128332.5,39608.3,933213.7,584096.4,0,319476.3,1671797.8,365642.7,12268941.5,FEB 2018  DOLS (000),2018-Feb,12441448.129904553
100,1685030.5,1189811.4,212196.7,3175010.1,333955.2,1244845.5,69126.7,19875.8,828.2,130134.2,145644.2,586334.3,10639.9,79639.3,153105.0,39272.5,954473.1,578533.2,0,328954.9,2239277.5,397128.2,13573816.2,MAR 2018  DOLS (000),2018-Mar,12496685.596738476
101,1254010.1,1061649.0,224703.6,3112441.3,327800.9,1091105.7,62540.9,20170.9,299.8,127160.6,133637.6,599886.6,9859.8,83834.2,164834.3,37072.6,957712.9,580940.3,0,331051.2,1841849.4,415973.2,12438534.8,APR 2018  DOLS (000),2018-Apr,12493848.97250733
102,1336733.6,1291201.7,229613.7,3148936.1,359414.4,1127045.7,65192.3,20956.8,936.4,128381.0,131619.7,578612.4,11044.1,69885.9,172094.9,49825.2,1002222.0,610845.6,0,336081.4,2214853.2,439990.4,13325486.4,MAY 2018  DOLS (000),2018-May,12534416.651897214
103,1198363.8,1257554.8,299127.2,2756045.7,359825.6,1032057.7,53521.6,18426.9,1513.9,125323.5,142302.9,560354.4,10596.4,68034.1,174680.1,80139.4,991887.1,581183.8,0,339225.4,2231090.7,456240.2,12737495.3,JUN 2018  DOLS (000),2018-Jun,12544322.927414423
104,928948.2,1302120.0,286628.8,2518818.2,339710.3,870384.0,48316.5,21217.4,1181.4,103412.4,100185.8,522557.5,9374.1,80985.8,182310.8,77044.1,997685.5,580986.6,0,348617.7,2154548.1,441255.6,11916288.8,JUL 2018  DOLS (000),2018-Jul,12513687.116321037
105,823538.5,1664506.3,190463.2,2543564.7,345341.8,693870.5,57090.8,18740.9,969.8,114467.2,117490.2,563553.1,10210.1,69262.9,165230.2,54117.1,980497.0,576466.2,0,345560.1,1851144.5,423214.4,11609299.2,AUG 2018  DOLS (000),2018-Aug,12469570.632598057
106,1598086.2,1789306.5,183599.3,2792997.3,323009.6,1332996.4,84254.1,22200.6,666.0,141258.0,154766.8,579950.7,10049.7,93845.0,242085.2,28144.0,958070.2,616501.5,0,337346.4,1676678.6,455080.7,13420892.8,SEP 2018  DOLS (000),2018-Sep,12515976.591983518
107,1958870.6,2445791.4,203757.2,3181014.6,354645.8,1140967.2,69513.3,23445.1,584.4,149274.1,148430.8,599916.6,11214.1,71844.3,218261.2,38574.8,972980.3,614535.3,0,333870.7,1833973.3,505235.3,14876700.2,OCT 2018  DOLS (000),2018-Oct,12631133.841155054
108,2131945.0,1799107.9,195763.4,3134002.2,374408.9,1121292.2,76054.7,24760.3,932.3,138021.2,155724.6,637305.6,10965.4,78382.9,224327.9,72956.9,1004609.9,637167.8,0,349043.3,1629231.9,476758.0,14272762.4,NOV 2018  DOLS (000),2018-Nov,12711213.28304993
109,1747635.3,1424693.5,197036.8,3167201.0,385732.2,1020846.6,78241.7,20376.3,826.2,112537.0,159096.1,578507.9,9865.0,90076.6,205289.6,101708.6,989868.1,626688.6,0,353075.8,1771773.9,433477.2,13474554.0,DEC 2018  DOLS (000),2018-Dec,12748449.415584078
110,1658403.7,1141024.6,216486.4,2613563.5,419286.2,581686.6,48206.6,18573.1,289.6,112523.2,113553.2,451424.2,7844.9,60815.8,103202.2,25375.3,1007954.1,628021.1,0,362445.4,1608635.7,378433.4,11557748.6,JAN 2019  DOLS (000),2019-Jan,12690366.448970221
111,1577442.7,1189637.2,184381.8,2426421.4,354485.0,606417.0,56729.0,14206.4,725.7,105862.0,128677.7,455990.0,7757.2,73785.0,133257.1,26274.2,948515.1,583387.8,0,340219.3,1596569.4,387735.7,11198476.7,FEB 2019  DOLS (000),2019-Feb,12617591.339264356
112,1437191.9,1097892.3,181738.3,2989587.3,351231.2,1035757.8,90399.8,20331.2,284.2,104223.5,129033.2,530766.9,8848.1,105676.8,204423.8,44430.6,950410.7,600004.4,0,345416.4,1969971.3,422721.6,12620341.4,MAR 2019  DOLS (000),2019-Mar,12617725.488568533
113,1475516.5,1025513.8,196315.9,2918599.5,352974.2,908973.8,52027.4,16529.4,257.5,106110.9,118935.9,489564.7,8095.5,71588.1,141013.3,38758.2,962571.3,600891.8,0,347224.9,1997024.3,472385.0,12300871.9,APR 2019  DOLS (000),2019-Apr,12602269.215955433
114,1310395.2,1113631.3,196168.2,3182322.6,346800.4,1021689.8,56226.4,18013.1,516.4,111425.8,122433.3,505335.9,9075.7,75539.3,172165.8,47044.0,983610.6,620141.4,0,352853.5,2144868.7,491785.0,12882042.3,MAY 2019  DOLS (000),2019-May,12615916.6834698
115,1199609.0,1102438.1,235514.7,2866391.8,312159.1,857010.7,47526.1,17585.6,1035.0,106289.6,142557.3,492349.6,9052.2,94750.6,227515.7,87564.6,991707.8,630245.8,0,352078.9,2187192.8,492844.7,12453420.0,JUN 2019  DOLS (000),2019-Jun,12607990.015983468
116,814783.4,1147985.3,195723.1,2385311.0,296358.6,730921.2,41754.6,20194.0,812.1,89444.3,99400.7,419741.5,7055.2,65819.6,141370.5,81680.7,985841.7,647999.7,0,349601.9,2146807.4,484303.9,11152910.3,JUL 2019  DOLS (000),2019-Jul,12537010.51764281
117,805330.1,1424591.9,172746.0,2609017.6,301099.4,569387.5,56347.7,17288.6,715.1,96824.4,117015.5,479039.9,7643.6,68310.8,169001.2,50147.0,964832.8,648342.2,0,340043.8,2186421.0,466908.4,11551054.4,AUG 2019  DOLS (000),2019-Aug,12488915.09726999
118,1640611.8,1369233.0,167899.3,2834384.4,294630.2,1152328.2,70712.6,18126.4,458.4,121825.0,136981.2,492651.4,7331.1,101980.6,237394.6,29496.2,974334.6,710343.2,0,331341.3,2068808.4,529822.1,13290694.1,SEP 2019  DOLS (000),2019-Sep,12528026.268134868
119,2084559.7,1551102.8,171790.5,3151219.7,370949.3,910748.8,58041.2,18266.6,292.1,113615.6,146154.2,504225.1,8741.8,70968.6,174997.1,29930.3,966515.0,723113.6,0,340922.4,2168270.8,523692.1,14088117.4,OCT 2019  DOLS (000),2019-Oct,12604128.274567312
120,2204381.7,1464740.1,184814.3,3051133.4,367684.5,966157.9,62535.4,21224.7,735.4,117977.5,140824.0,523295.7,8891.8,75699.3,184051.5,81909.0,971260.1,724521.9,0,340848.0,2236439.5,508355.8,14237481.4,NOV 2019  DOLS (000),2019-Nov,12683804.036783539
121,1895589.8,1496228.1,187795.3,3400016.5,368815.2,952280.4,67712.7,18165.5,281.5,98050.3,146991.6,473772.3,7380.8,92344.9,222677.0,107270.5,1030136.4,721013.3,0,354485.1,2087907.0,477853.0,14206767.1,DEC 2019  DOLS (000),2019-Dec,12758094.917916048
122,1838828.8,1289058.9,152072.2,2533015.1,409631.8,539796.0,46762.3,16360.3,9.0,95698.9,104000.2,400820.0,7044.4,60138.6,111445.1,31555.1,1070173.7,774900.1,0,343590.3,1629541.4,395067.4,11849509.7,JAN 2020  DOLS (000),2020-Jan,12713773.687773801
