,JobCode,deptcount,srhrs,midhrs,jrhrs,officecount,ptodays,pjduration,additionalassignments,teamsize,projtags,overbudget
0,N8570,3,27.0,0.0,0.0,1,0,11,7,3,4,0
1,I9510H,4,55.0,0.0,0.0,2,14,50,16,5,4,1
2,10834251,2,1.0,0.0,0.0,2,21,78,66,4,5,0
3,10850090,8,1298.75,0.0,0.0,2,75,91,66,11,5,0
4,10803999,1,22.0,0.0,0.0,1,1,73,39,3,5,1
5,10811560,1,8.0,0.0,0.0,1,1,14,8,1,4,0
6,10821006,3,13.0,0.0,0.0,1,4,16,6,5,6,1
7,10855446,2,69.0,0.0,0.0,1,16,137,31,3,5,1
8,10847933,2,30.0,0.0,0.0,1,6,91,36,3,5,0
9,10892841,2,30.0,0.0,0.0,1,2,8,5,2,5,1
10,10834026,2,106.0,0.0,0.0,2,0,19,38,5,4,1
11,10801898,6,43.5,0.0,0.0,2,48,146,303,8,6,1
12,10803605,4,1.0,0.0,0.0,1,0,14,24,5,4,0
13,10859001,6,2.5,0.0,0.0,3,0,13,54,18,7,1
14,10804841,8,16.0,0.0,0.0,3,31,354,235,17,0,0
15,10876755,3,197.0,0.0,0.0,1,16,116,34,4,4,1
16,10873436,2,104.0,0.0,0.0,1,9,59,9,2,6,1
17,A7375,5,0.25,0.0,0.0,2,0,66,159,8,4,1
18,A7149,5,36.75,0.0,0.0,1,0,31,76,6,9,1
19,10805248,2,19.0,0.0,0.0,1,0,12,13,4,5,1
20,10837045,3,28.75,0.0,0.0,1,1,18,63,4,4,0
21,10851235,2,137.0,0.0,0.0,1,21,203,36,3,4,1
22,10839750,3,48.0,0.0,0.0,1,6,119,24,5,4,1
23,10866847,2,14.0,0.0,0.0,1,5,418,44,3,9,0
24,10817442,2,20.0,0.0,0.0,2,0,56,31,3,8,1
25,10817851,2,19.0,0.0,0.0,1,0,40,3,2,4,0
26,10781241,3,9.0,0.0,0.0,1,0,4,23,4,4,1
27,10906641,1,46.0,0.0,0.0,1,5,141,12,1,4,1
28,10799242,3,18.5,0.0,0.0,1,4,60,17,3,7,0
29,10817437,2,3.0,0.0,0.0,1,0,37,2,3,5,1
30,A7203,6,453.0,0.0,0.0,1,12,89,136,7,5,1
31,B7337,3,0.75,0.0,0.0,1,5,21,32,3,5,1
32,B7664,2,0.5,0.0,0.0,2,1,29,100,4,8,1
33,10878171,2,11.5,0.0,0.0,1,0,4,10,3,11,1
34,10803701,2,77.0,0.0,0.0,2,2,32,2,3,4,0
35,10796814,3,23.25,0.0,0.0,3,48,110,98,4,4,0
36,10883732,2,13.0,0.0,0.0,1,10,25,5,2,6,1
37,10898269,2,13.0,0.0,0.0,1,6,60,17,2,4,1
38,10850826,4,107.0,0.0,310.5,1,36,215,69,10,10,1
39,10803767,1,9.0,0.0,0.0,1,0,9,5,2,4,0
40,10892427,5,76.0,0.0,24.0,1,25,46,37,7,11,0
41,10865165,2,11.25,0.0,0.0,2,6,142,48,3,4,0
42,10805245,2,27.5,0.0,5.0,1,7,16,8,3,7,0
43,A7204,6,117.0,0.0,8.0,1,21,89,150,8,5,1
44,10804397,5,241.0,0.0,18.0,1,17,32,25,7,5,1
45,10814992,5,10.0,0.0,0.0,1,0,29,32,9,4,0
46,10969140,3,42.0,0.0,0.0,1,26,202,28,3,4,0
47,10803696,1,2.0,0.0,0.0,2,6,90,120,5,4,1
48,10864978,2,79.25,0.0,0.0,1,6,87,16,3,4,1
49,B7780,2,7.75,0.0,0.0,1,21,50,55,3,4,1
50,10799194,5,7.0,0.0,0.0,2,1,24,45,10,7,1
51,10805192,4,1.0,0.0,10.5,1,17,69,98,7,6,0
52,10806466,4,678.0,0.0,8.0,1,6,60,11,6,4,1
53,10844492,4,60.25,0.0,0.0,1,6,44,37,6,9,1
54,10839544,2,120.25,0.0,224.0,2,45,163,62,6,6,0
55,10863990,3,33.0,0.0,1.0,1,1,16,10,3,7,0
56,10804500,6,736.5,0.0,0.0,1,60,415,254,9,7,0
57,10876489,2,1.0,0.0,0.0,2,0,45,16,3,8,0
58,10849139,4,4.0,0.0,0.0,2,2,35,45,7,4,1
59,10804705,2,14.0,0.0,15.0,1,18,87,31,3,8,0
60,10835703,3,3.5,0.0,0.0,2,5,20,10,5,7,0
61,10804018,5,382.5,1198.5,60.25,3,137,170,248,13,6,0
62,10825943,3,76.0,5.0,11.5,1,8,23,6,6,9,0
63,10805060,6,418.0,84.0,0.0,2,41,134,110,8,5,1
64,10856542,4,644.75,162.5,22.0,1,65,151,106,16,4,0
65,10803794,7,298.75,100.25,0.0,2,47,63,148,14,12,1
66,10812072,8,1011.5,870.5,585.75,2,129,130,234,22,4,1
67,A7618,6,219.0,322.0,61.0,2,65,57,94,15,5,1
68,C6441,5,947.5,549.0,24.0,2,157,210,172,15,0,1
69,10819588,5,124.0,48.75,91.0,3,47,65,62,9,7,1
70,10804558,5,102.25,324.5,229.5,2,80,85,147,16,6,1
71,10860748,6,158.75,337.5,387.0,1,207,228,733,27,10,1
72,10875974,5,1449.0,139.5,361.5,2,24,32,38,20,8,1
73,10874167,2,2.0,76.0,12.0,1,5,54,47,7,4,0
74,10804503,3,108.0,147.5,33.5,2,8,37,82,7,4,0
75,10812150,4,206.0,55.5,54.0,1,48,43,38,10,5,1
76,10804075,2,32.0,169.0,53.5,1,35,67,283,15,4,1
77,D6316,9,109.5,329.0,333.0,4,151,146,396,28,10,0
78,10889896,6,171.75,352.0,217.0,2,42,31,67,15,15,1
79,10804540,4,82.5,125.75,0.0,1,10,32,44,8,4,1
80,10804102,5,959.25,1358.75,2853.5,6,453,334,451,27,13,0
81,10805002,4,21.5,34.25,63.0,1,100,421,278,8,5,1
82,10893363,10,431.5,377.5,250.5,2,74,28,239,42,23,0
83,10853518,3,226.0,0.0,0.0,1,10,253,38,3,4,1
84,10863259,7,800.0,1230.75,0.0,2,275,153,159,19,6,1
85,10824462,6,31.0,47.5,0.0,1,12,48,69,10,7,1
86,10864074,7,91.5,287.5,83.75,2,112,93,358,19,7,0
87,10804495,6,1.0,111.0,6.0,2,69,167,90,8,4,0
88,B7019,3,1.0,7.0,6.5,1,3,25,26,4,4,0
89,D6375,10,494.0,410.5,173.75,2,107,53,359,37,6,1
90,10861704,6,196.0,573.5,11.75,1,113,159,203,14,6,0
91,10804965,6,80.0,213.0,386.75,2,64,59,234,20,6,0
92,10826770,7,40.5,82.5,0.0,1,26,60,178,12,4,1
93,A7635,4,8.0,4.0,32.0,2,14,55,61,7,4,0
94,10805012,5,14.0,53.0,82.0,1,109,186,154,11,4,0
95,A7597,5,2.75,27.25,0.0,1,7,58,123,8,5,0
96,A7291,2,66.25,25.0,6.5,1,43,150,61,5,6,0
97,10823003,5,201.0,65.75,142.5,4,246,252,459,18,7,1
98,10877453,5,110.25,113.5,0.0,1,36,41,114,14,4,1
99,10827146,11,472.0,517.75,754.5,1,132,58,460,41,10,1
100,A7031,5,21.0,13.0,77.5,2,6,18,55,10,4,0
101,10828711,6,323.75,732.75,61.0,2,102,87,197,17,4,1
102,10803682,5,9.75,76.75,64.0,1,44,103,87,11,6,1
103,10803844,5,23.5,36.0,0.0,1,25,22,150,19,4,0
104,10805073,14,2080.0,1335.25,467.25,6,271,73,742,76,14,0
105,10805009,6,137.5,1363.5,8.0,2,119,112,101,12,9,1
106,10859109,2,5.0,0.0,2.0,1,21,84,47,3,4,0
107,10804862,4,27.0,149.5,21.5,1,66,128,97,8,6,0
108,10863816,5,207.5,64.0,0.0,3,54,45,106,13,9,0
109,C6924,5,171.5,1518.5,472.5,1,86,150,191,13,0,1
110,10803517,4,19.0,180.0,76.0,2,111,74,256,20,4,0
111,10836179,2,12.0,2.0,0.0,1,2,46,29,2,6,1
112,10803649,9,939.5,3114.75,1131.25,2,205,97,422,51,13,1
113,10804115,5,160.5,954.25,509.75,2,86,169,243,13,9,1
114,10804401,3,36.5,105.0,0.0,2,31,92,90,7,10,0
115,10804473,9,309.0,260.5,80.25,2,57,63,188,18,13,1
116,10803840,5,162.0,17.0,22.0,3,0,9,39,10,4,0
117,10811462,9,526.5,183.0,146.5,1,171,75,281,26,4,1
118,10825461,5,91.0,232.0,21.0,2,29,36,52,10,4,0
119,10805018,7,82.0,199.25,367.0,2,93,94,170,23,11,1
120,10804244,8,187.5,172.0,16.5,3,49,60,115,13,4,1
121,10856340,3,24.0,992.0,203.0,1,60,91,65,10,4,1
122,10818889,8,83.0,116.5,105.0,2,50,73,113,13,6,0
123,10804477,4,65.75,288.0,23.0,1,58,97,133,14,7,1
124,10854779,5,35.0,101.0,19.5,2,141,226,399,10,4,0
125,10803239,9,1593.75,2623.25,438.5,7,472,190,313,28,14,1
126,10803595,5,162.5,125.0,116.0,2,31,53,107,14,4,1
127,10826028,4,136.75,17.0,372.5,3,10,74,76,11,5,1
128,10865308,10,130.5,239.5,116.5,1,126,100,259,23,8,0
129,10749639,5,6.0,10.25,54.25,1,31,85,330,13,6,1
130,10804170,2,33.5,13.5,197.25,1,54,118,231,9,6,0
131,A7461,5,22.0,177.75,8.0,1,30,58,260,14,5,1
132,10804182,6,46.25,175.0,100.5,4,206,277,285,15,7,0
133,10805252,13,7114.75,7973.25,11606.0,3,2131,792,3056,94,11,1
134,10801904,5,113.75,73.5,536.75,3,150,130,542,24,6,1
135,A7841,4,49.5,0.0,109.5,1,4,28,10,5,8,0
136,10832247,3,26.5,82.5,0.0,1,28,130,147,7,4,1
137,J6848,5,45.5,28.0,16.0,2,3,24,43,7,4,1
138,10803770,7,473.75,165.5,0.0,1,120,91,186,19,4,0
139,10803990,1,7.5,10.5,95.0,1,32,86,248,10,6,0
140,10803754,5,64.0,114.0,0.0,2,121,92,167,14,5,1
141,10805149,4,73.0,9.5,36.0,1,5,23,13,8,4,1
142,10862491,5,149.5,82.5,8.5,3,12,18,23,10,6,0
143,10804198,7,894.25,159.5,152.75,3,95,67,210,24,9,0
144,D6028,2,124.75,28.0,0.0,1,60,131,62,5,5,0
145,10804137,4,2995.25,10076.0,3126.75,3,330,183,168,37,8,1
146,10785936,7,146.0,334.75,400.0,1,95,92,310,18,7,1
147,10804057,1,6.5,82.0,93.5,2,65,90,327,13,12,1
148,C6863,9,124.5,77.0,418.5,1,127,165,465,22,0,1
149,10804371,6,246.5,173.5,92.5,2,17,44,167,26,5,1
150,10860619,3,26.0,2.0,0.0,2,0,22,26,4,16,0
151,10859793,2,6.0,542.5,151.0,1,143,122,354,21,8,0
152,10804815,5,166.5,74.0,35.0,2,53,129,98,11,4,1
153,D6305,6,199.25,84.75,4.0,1,89,67,100,13,4,1
154,A7225,6,89.5,93.25,0.0,1,8,52,130,8,8,0
155,10804083,4,35.75,36.0,0.0,2,10,55,104,8,4,1
156,10868160,5,0.5,10.0,14.5,1,50,59,41,6,4,0
157,A7424,3,13.5,1469.0,107.0,1,22,88,22,9,5,1
158,10812170,7,125.0,79.0,32.0,1,76,151,129,12,5,1
159,10864044,1,1.0,9.5,0.0,1,17,90,35,2,4,1
160,10817308,7,76.0,172.75,128.0,1,22,106,151,13,6,0
161,10803233,5,2.0,8.0,15.0,1,18,87,129,11,7,0
162,A7495,5,61.0,42.75,30.25,2,18,38,210,15,5,0
163,10831421,5,184.5,595.75,2.0,3,98,77,210,14,7,1
164,10763912,5,99.5,54.0,129.75,3,20,60,141,10,4,1
165,10804930,6,65.0,109.0,85.0,1,57,100,71,9,8,1
166,10801071,7,154.0,124.5,50.0,2,76,46,253,20,6,1
167,10844938,2,45.0,0.0,0.0,1,1,26,39,3,7,1
168,10805052,3,97.5,116.0,13.0,1,26,64,56,7,4,0
169,K7589,5,45.0,36.5,63.75,1,12,53,69,9,8,0
170,C6568,4,4.5,5.75,71.75,1,89,161,315,11,9,0
171,A7395,3,15.0,38.75,0.0,1,7,36,20,4,6,1
172,10804695,9,460.5,599.5,268.5,4,1290,465,826,29,7,1
173,10804498,3,14.5,7.0,0.0,1,9,29,19,6,4,0
174,10832266,5,79.5,248.75,59.5,2,165,152,272,15,17,1
175,10805019,9,404.5,785.5,117.5,3,113,90,353,26,6,0
176,10814494,5,84.5,32.5,176.0,1,165,182,217,13,5,0
177,10805281,4,145.0,114.0,9.0,1,12,26,29,6,7,1
178,10873433,1,9.0,5.0,0.0,2,25,81,22,3,6,1
179,10870121,6,78.75,58.5,39.5,4,13,20,61,13,8,1
180,10804925,3,34.0,161.25,374.5,1,12,66,118,10,9,0
181,10804256,8,1468.25,574.25,50.5,2,118,76,421,39,6,1
182,10767594,7,55.25,349.5,25.5,2,56,81,64,12,6,0
183,N8578,4,5.5,10.0,0.0,2,0,9,44,5,4,0
184,10832116,6,2.0,36.5,25.0,2,35,115,89,10,10,0
185,10803758,6,710.75,2005.0,196.0,1,263,106,520,37,8,1
186,10804530,3,11.0,72.0,4.5,1,37,99,158,7,4,0
187,10804878,8,254.5,261.5,814.75,4,486,297,539,22,4,0
188,10804943,6,10.0,92.5,103.5,3,11,82,75,12,4,1
189,10803992,1,6.0,27.0,8.0,1,2,57,183,13,5,0
190,10805117,3,16.0,149.5,0.0,3,7,22,53,8,5,1
191,10862739,4,64.0,0.0,0.0,1,4,354,89,5,4,0
192,10780542,4,60.0,0.0,0.0,2,0,115,187,6,6,1
193,10804913,6,6.5,33.5,0.0,1,63,175,98,10,7,0
194,10825995,4,32.0,464.0,98.0,3,54,73,125,15,6,0
195,10861417,2,2.0,0.0,2.0,2,9,49,9,3,4,0
196,10803800,2,45.0,0.0,0.0,2,0,55,8,2,11,0
197,A7423,3,1.0,0.0,21.0,1,0,22,71,6,6,0
198,10760645,5,49.25,43.75,0.0,2,181,197,493,11,7,0
199,10803748,4,224.25,309.0,68.5,2,80,92,234,17,6,0
200,A7471,8,882.75,243.5,90.75,2,107,77,357,32,5,0
201,10833318,2,1.0,1.0,8.75,1,6,29,72,5,5,0
202,10842494,5,211.0,98.0,0.0,1,43,91,42,6,9,1
203,10803657,5,49.5,251.5,58.0,1,53,68,172,15,4,1
204,10814990,7,104.0,434.0,80.5,1,50,72,137,18,6,1
205,10803598,5,53.0,84.5,4.0,2,30,39,86,11,4,0
206,10804749,7,710.5,960.0,175.0,2,465,284,487,25,12,1
207,A7354,6,54.5,109.5,4.0,1,7,29,22,6,8,1
208,10847388,7,109.75,62.0,138.5,3,61,67,140,13,12,1
209,10805247,6,46.5,142.0,0.0,1,35,58,96,11,8,1
210,10886453,6,435.0,52.0,41.5,5,75,49,89,15,16,1
211,A7755,4,31.25,0.0,18.0,2,4,23,115,8,9,1
212,10805028,7,2.0,951.75,208.75,1,674,480,545,24,8,1
213,10895362,5,28.0,46.0,39.0,2,37,86,112,17,11,1
214,10837871,3,33.25,94.0,65.0,2,11,33,89,10,7,1
215,10812169,2,1.5,1.0,6.25,1,18,65,72,6,4,0
216,10804760,3,26.5,768.0,79.0,1,63,140,101,9,4,1
217,10832049,6,190.0,606.5,145.5,1,34,43,79,15,7,0
218,10803533,7,47.25,511.25,46.0,1,64,60,183,19,4,1
219,10858450,11,522.5,679.0,528.5,3,316,110,599,43,7,0
220,10803909,4,35.0,59.5,0.0,1,1,14,22,6,4,1
221,10817852,3,70.0,93.0,0.0,3,18,183,58,5,6,1
222,A7731,3,8.0,12.0,8.0,1,1,23,15,4,5,1
223,10891560,3,86.0,0.0,0.0,3,16,33,5,3,5,1
224,10804804,10,144.25,436.75,179.5,1,149,241,518,24,11,1
225,A7451,3,2.5,23.0,4.0,1,3,29,112,8,6,1
226,10803780,7,190.75,290.0,887.0,1,316,363,527,20,5,0
227,H9177,5,14.5,290.25,27.5,1,63,93,177,13,7,0
228,10804895,2,510.5,5.0,0.0,1,17,129,42,4,4,1
229,C6355,4,16.0,290.5,113.5,1,149,252,517,13,9,1
230,10804652,3,121.5,656.0,7.5,1,59,101,101,11,4,1
231,A7377,6,98.0,21.5,0.0,2,30,74,226,12,6,1
232,10812148,8,324.5,700.5,318.5,3,90,106,108,13,9,1
233,10814832,6,4.0,121.0,152.5,2,115,226,166,15,5,0
234,10804229,3,45.0,368.0,102.0,3,245,131,612,31,6,1
235,A7341,4,2.75,1.0,53.75,1,13,37,113,9,5,0
236,10862950,6,71.0,77.75,99.0,1,39,68,238,14,4,0
237,A7474,5,116.0,36.5,0.0,1,2,41,24,6,6,0
238,B7341,4,14.5,0.0,0.0,2,0,9,48,6,4,0
239,D6125,7,844.0,430.5,616.0,1,316,177,429,31,10,1
240,10832818,2,96.0,31.0,0.0,2,2,37,64,5,6,0
241,10874819,3,20.0,56.0,13.0,1,20,49,52,6,4,0
242,A7775,6,56.0,61.0,8.0,2,12,22,22,8,5,1
243,10852544,5,44.25,13.0,92.0,3,34,58,85,12,6,1
244,10804649,2,32.5,13.5,180.0,1,87,237,82,6,4,0
245,10859260,1,14.5,169.5,73.0,1,92,128,288,12,7,1
246,10761390,6,16.5,321.5,66.0,2,40,125,404,17,5,1
247,10800595,8,241.75,1059.0,24.0,2,124,150,106,15,5,1
248,10804373,6,8.0,24.0,33.0,1,0,15,31,7,4,0
249,10803875,6,219.25,34.75,29.0,2,62,67,85,11,9,1
250,10829455,7,96.5,103.5,46.0,2,37,81,118,11,4,1
251,10721631,6,164.75,309.0,21.5,2,27,39,203,18,7,1
252,A7768,4,5.0,1.0,0.0,1,4,32,31,6,7,1
253,10804819,6,81.0,140.0,8.5,2,44,78,82,16,6,1
254,10859892,6,4.5,10.0,33.75,1,11,50,101,13,6,0
255,10812075,8,89.0,1047.75,514.0,1,345,151,281,26,9,0
256,J6883,4,7.5,25.0,34.0,2,10,29,48,8,5,0
257,M5298,7,73.5,233.0,71.75,1,199,157,278,23,5,0
258,B7271,7,12.0,21.0,15.25,1,22,90,336,13,6,1
259,10875067,6,377.5,85.5,272.5,2,44,43,70,15,5,1
260,10804955,8,714.0,509.0,95.5,2,133,169,324,18,4,1
261,10803631,1,3.0,0.0,1.0,2,1,14,11,2,4,0
262,10819762,3,20.0,11.5,35.0,3,44,55,56,8,5,1
263,10803838,6,146.25,210.0,370.25,2,251,185,272,21,7,0
264,10808750,5,58.0,91.0,39.25,1,46,43,69,11,5,0
265,10826562,3,1.0,0.0,23.0,1,18,182,60,7,4,0
266,10803985,1,45.0,193.0,169.5,2,224,183,546,16,6,0
267,A7494,6,61.0,144.0,609.0,1,119,213,138,13,6,1
268,10804757,8,55.0,367.25,0.0,2,68,81,79,13,4,1
269,10844491,7,1063.5,856.5,578.0,4,90,60,158,32,10,0
270,10818355,7,12.0,1.0,141.0,1,16,25,122,20,5,0
271,10804932,4,37.0,167.0,79.0,1,30,142,196,12,6,0
272,10813079,9,53.0,348.0,584.5,1,87,97,250,25,8,0
273,10816629,4,116.5,47.0,234.0,1,35,38,75,11,9,1
274,10860241,2,70.0,0.0,0.0,2,0,38,15,4,4,1
275,10803573,3,37.0,201.5,195.5,2,273,287,277,17,4,0
276,10874346,6,44.5,102.5,85.0,2,68,73,210,16,5,1
277,H9169,7,527.25,124.5,90.5,6,26,34,130,22,9,1
278,10804975,5,73.0,15.5,12.0,1,51,91,65,7,5,1
279,10874858,5,38.0,41.0,29.0,1,29,100,100,8,4,0
280,10804129,1,2.75,0.0,0.0,1,28,233,188,5,5,1
281,10812910,10,128.0,265.75,432.0,1,338,271,575,27,11,0
282,10804827,2,10.0,1.0,56.0,2,41,149,32,4,6,0
283,10803880,5,87.0,85.5,150.5,3,370,271,1213,29,9,1
284,10804157,6,235.5,443.5,211.5,2,253,245,390,20,15,1
285,10803554,9,1004.0,1261.75,307.0,3,113,46,110,26,7,0
286,10804210,5,245.5,144.5,153.5,1,76,121,119,11,6,0
287,10870003,7,133.0,418.5,187.75,2,94,71,249,22,8,0
288,10814998,11,5698.25,6597.75,820.25,2,864,336,563,42,4,0
289,10868933,5,76.5,78.0,233.75,1,14,37,38,10,6,1
290,10804381,6,168.75,398.75,968.0,2,95,95,216,21,5,0
291,10847965,4,60.25,44.0,0.0,2,9,37,44,8,5,0
292,10803810,9,567.0,166.0,183.0,2,440,272,541,21,0,1
293,A7197,3,4.0,129.0,38.0,1,0,25,17,5,4,0
294,10863989,6,810.5,432.0,840.25,1,180,236,146,17,14,0
295,10803551,5,3.0,17.0,72.0,1,9,39,84,11,5,0
296,10805086,5,28.0,70.0,8.5,1,48,166,162,7,6,0
297,A7760,5,6.5,0.0,0.0,1,4,29,57,7,6,0
298,10883598,9,285.0,163.25,47.5,3,28,23,125,22,7,0
299,10840303,5,30.75,171.0,82.75,1,99,129,162,12,7,0
300,10804626,9,1228.75,984.75,143.75,6,200,172,780,34,9,0
301,10862283,7,202.75,135.5,299.0,2,41,25,59,18,5,0
302,10804550,6,37.25,20.0,3.0,2,2,13,79,16,12,1
303,10842434,7,80.0,2114.0,238.0,1,120,95,88,16,7,0
304,A7931,7,77.0,163.75,41.0,1,22,21,35,12,6,1
305,10804680,5,98.0,142.0,26.0,1,191,282,184,14,9,1
306,10874843,4,25.0,131.0,22.0,1,8,48,48,8,4,0
307,10799232,5,102.0,0.0,0.0,3,5,60,26,7,7,0
308,10804853,9,291.25,575.0,1297.5,4,111,180,282,23,11,1
309,D6164,5,54.0,127.0,83.0,1,73,90,74,9,11,0
310,10801114,6,27.75,81.5,6.5,2,67,60,255,15,6,0
311,10865907,5,115.0,129.5,0.0,1,21,44,71,8,6,1
312,10803785,7,724.75,295.0,213.25,2,166,122,226,24,16,1
313,10874856,3,1.0,5.0,16.0,1,0,8,37,5,4,0
314,10851145,4,20.0,42.0,0.0,1,4,20,54,8,10,1
315,10804377,5,45.0,129.0,96.0,1,18,74,93,9,10,1
316,10804612,7,100.0,72.0,300.25,2,49,56,151,22,8,1
317,10803922,3,51.5,767.5,45.0,3,200,335,512,10,4,0
318,10863144,7,114.75,10.5,99.0,3,38,58,87,11,10,1
319,10804545,2,132.25,526.0,1145.5,4,290,272,237,17,7,1
320,10848058,5,121.0,63.5,38.0,3,102,158,125,11,5,0
321,10865350,2,3.25,16.0,0.0,1,4,21,12,3,4,0
322,A7135,3,9.0,81.5,274.0,1,109,118,412,16,8,0
323,10804526,8,384.5,170.5,308.5,3,782,580,1288,32,7,0
324,10815066,8,103.25,923.0,133.5,1,116,119,274,23,7,0
325,B7177,4,16.5,56.0,0.0,2,5,25,18,5,5,1
326,10803860,5,58.0,167.5,55.0,2,10,18,59,12,10,1
327,10803592,3,58.0,63.5,0.0,1,1,47,99,7,4,0
328,10841371,4,11.0,18.0,52.0,1,16,35,21,4,5,1
329,10804812,10,1762.5,1789.0,1197.75,5,1791,482,2097,80,8,1
330,10804156,7,282.5,646.5,92.5,1,419,299,613,25,7,1
331,10822898,8,333.75,340.5,46.5,2,25,39,98,19,7,1
332,10803559,4,26.75,59.5,0.0,1,2,7,45,7,5,0
333,10821819,7,285.0,449.5,354.0,2,257,153,322,23,4,1
334,10874206,8,73.0,198.0,209.0,1,205,179,296,18,4,0
335,10803650,7,101.0,116.75,272.5,1,38,39,253,24,10,0
336,S5677,2,6.0,84.25,1.0,2,13,117,187,9,4,1
337,10804116,3,37.0,0.0,726.5,1,29,197,184,7,7,1
338,A7175,5,108.0,11.0,0.0,2,12,51,85,8,6,0
339,10803888,1,20.5,37.0,197.25,1,44,67,314,16,4,0
340,10804605,6,225.5,2318.0,494.0,1,48,67,83,16,8,1
341,10872280,4,39.0,32.0,11.0,1,40,52,38,5,4,1
342,10804920,4,195.5,58.5,117.0,1,40,53,71,11,7,1
343,10804710,6,734.0,676.0,172.5,1,217,224,460,18,6,1
344,10843069,6,278.75,477.75,43.0,3,136,91,249,21,21,1
345,10817343,2,2.0,12.0,0.0,1,0,6,11,4,4,0
346,10818387,8,291.0,684.5,83.0,4,83,75,246,23,4,1
347,10804870,7,322.0,1152.5,420.0,3,516,277,1104,34,5,0
348,10804825,5,71.0,41.0,2.0,2,27,33,55,10,8,0
349,10819843,3,14.0,0.0,0.0,1,15,98,45,4,4,1
350,10805119,7,635.5,506.0,300.0,3,546,453,879,20,11,0
351,A7652,5,79.0,53.0,87.5,1,27,57,58,10,11,1
352,10803913,9,520.0,226.5,24.0,2,121,85,284,22,5,0
353,10838426,3,122.0,222.0,0.0,2,22,65,31,6,4,1
354,10803787,6,104.25,0.0,22.0,2,1,11,43,10,9,0
355,10805262,5,109.0,56.0,1321.0,1,376,578,679,19,4,0
356,10805097,5,32.5,121.5,34.0,1,28,36,195,19,6,0
357,10805159,11,504.0,2008.75,323.5,3,410,253,699,32,7,0
358,10826820,4,14.0,61.75,0.0,1,127,130,146,10,7,0
359,10815149,7,2.25,167.0,33.5,3,39,75,334,17,7,1
360,10886076,4,73.0,0.0,43.0,1,21,39,76,6,5,1
361,10855677,5,3.0,21.0,151.0,1,22,52,137,13,6,0
362,A7826,6,3.0,0.0,0.0,1,7,33,162,14,6,1
363,10803531,6,565.25,711.0,68.0,2,298,183,743,26,10,1
364,10804849,6,562.0,271.75,434.75,3,489,277,332,19,10,1
365,10847790,4,8.25,55.0,2.0,1,56,99,151,10,6,0
366,10803816,3,839.25,2447.0,1356.0,2,117,148,105,12,4,0
367,10841617,8,110.0,171.5,258.5,2,37,73,61,14,7,0
368,10803248,6,98.75,77.0,118.0,2,42,53,72,14,6,1
369,D6300,6,33.5,151.0,492.0,1,125,94,352,23,7,1
370,10835702,3,69.0,32.0,0.0,2,2,20,9,5,7,1
371,10804588,2,16.0,0.0,0.0,1,5,61,39,3,4,1
372,10875872,6,71.5,230.0,259.75,2,50,55,59,13,7,1
373,10834006,4,4.0,185.0,112.5,1,202,252,277,14,4,1
374,10804985,3,28.0,271.0,112.0,1,22,105,80,6,5,0
375,10854644,5,91.5,403.0,220.0,1,20,39,26,10,6,0
376,10871132,9,1800.5,981.0,217.0,6,178,46,247,48,6,1
377,10803537,2,132.5,55.75,0.0,3,41,59,36,7,5,1
378,10804438,8,34.0,509.0,279.5,4,79,53,274,29,14,0
379,10803776,4,131.75,115.75,0.0,2,16,39,83,10,7,0
380,10804660,6,333.0,1068.0,221.0,2,239,218,267,18,12,1
381,10801903,4,3.25,7.0,0.0,1,7,47,69,5,4,1
382,10824623,6,270.75,556.25,80.0,1,195,105,468,28,7,1
383,10804936,5,1714.0,1239.25,1039.25,2,163,107,487,30,8,1
384,D6286,3,57.0,20.0,79.0,2,29,58,103,9,7,0
385,10803777,3,65.0,108.5,270.0,2,38,52,65,14,4,1
386,10882790,6,34.0,68.0,261.0,2,132,283,283,12,4,1
387,10830690,4,3.75,22.5,0.0,2,78,164,209,6,7,0
388,10803971,1,12.0,2.0,16.0,1,30,197,315,5,4,0
389,D6327,9,302.5,278.0,239.5,3,99,61,168,22,7,1
390,10814996,7,97.0,204.5,145.5,1,45,37,109,18,6,1
391,10804717,5,13.5,81.0,0.0,1,59,156,110,6,7,1
392,10874851,9,164.5,330.0,508.0,1,64,62,165,24,4,0
393,10828090,3,2.0,51.5,72.0,1,17,39,71,8,9,1
394,10820192,7,69.0,422.75,122.0,2,132,136,412,20,6,1
395,10804854,5,58.5,72.5,6.0,1,59,84,72,10,5,0
396,10804926,5,143.0,59.0,48.0,1,17,66,63,7,6,0
397,10804413,8,261.5,100.0,136.75,3,35,47,70,16,4,1
398,10854751,7,435.75,124.0,2.5,4,40,22,128,30,5,1
399,10832269,7,555.5,506.25,399.0,2,263,142,728,33,7,0
400,10848657,6,7.0,464.5,203.0,2,140,183,177,14,6,0
401,A7210,9,537.25,159.5,349.25,3,75,85,160,17,7,1
402,C6652,6,31.5,490.5,327.0,1,281,246,415,19,8,1
403,10804903,7,358.0,254.0,356.0,1,62,81,165,21,7,0
404,10804641,8,280.0,200.0,25.0,1,112,45,132,22,5,0
405,D6140,7,602.25,1059.0,20.0,1,180,157,242,14,5,1
406,A7595,5,169.0,13.5,40.0,2,33,115,25,8,9,1
407,10840534,4,123.75,41.5,75.5,1,144,149,293,14,5,1
408,10843899,6,30.5,125.25,0.0,2,124,184,434,15,5,1
409,10831454,5,150.0,63.25,311.75,2,59,127,432,17,5,1
410,10860876,7,517.5,382.5,143.0,2,177,183,259,17,7,1
411,10823431,6,117.5,112.5,131.0,2,21,38,34,14,8,1
412,A7190,5,6.5,8.5,0.0,1,24,99,182,7,10,1
413,10804746,5,46.5,74.0,89.0,1,24,34,53,9,4,1
414,10822263,5,47.0,8.0,31.0,1,17,46,86,9,8,1
415,10803885,7,27.5,147.5,40.75,3,91,172,212,15,8,0
416,10874170,3,4.0,51.0,12.0,1,7,57,51,6,4,0
417,10816758,8,82.75,825.5,346.0,3,253,105,520,38,15,0
418,M5285,4,240.0,24.25,40.0,2,174,181,342,18,5,0
419,10803996,5,210.0,0.0,129.75,3,114,293,164,9,6,0
420,10804470,4,4.0,12.0,13.0,1,0,9,22,5,7,0
421,10805554,8,90.0,41.5,0.0,2,8,33,126,23,8,1
422,10804941,7,382.75,628.5,114.0,3,283,205,471,27,11,1
423,A7248,6,30.5,102.0,51.0,2,15,64,69,9,6,1
424,10813067,5,18.0,0.0,10.0,2,7,23,23,8,14,1
425,10847614,2,25.5,38.75,15.0,1,41,106,103,5,5,0
426,10804632,6,40.5,349.25,9.0,2,232,167,181,15,11,0
427,10881989,8,94.0,446.5,464.0,1,115,210,430,26,14,0
428,10825592,3,11.5,337.0,3.0,2,34,102,165,9,6,1
429,10805136,10,1454.25,1048.5,325.0,4,623,257,614,36,5,0
430,10804178,5,27.5,154.5,97.5,1,45,166,113,9,6,0
431,10804664,3,55.0,0.0,0.0,2,13,80,20,4,4,1
432,10804865,5,107.0,22.75,87.5,4,111,147,159,9,5,0
433,10805064,2,24.5,5.0,4.0,1,35,91,41,5,5,0
434,M5303,1,0.0,0.0,64.0,1,1,70,17,2,5,0
435,10857799,2,0.0,0.0,14.75,1,0,224,43,2,8,1
436,10803980,1,0.0,0.0,43.5,1,22,191,51,2,4,0
437,B7208,2,0.0,0.0,465.0,1,1,115,9,2,6,0
438,10804837,2,0.0,0.0,6.0,1,0,20,16,2,4,0
439,10845399,2,0.0,0.0,4.0,2,0,8,7,2,4,0
440,10863988,2,0.0,0.0,34.0,1,8,61,17,3,5,0
441,10805011,2,0.0,0.0,28.0,1,5,45,12,4,4,0
442,10804128,1,0.0,0.0,9.0,1,0,7,16,3,5,1
443,10804065,3,0.0,0.0,770.5,1,2,272,101,6,5,0
444,10895626,1,0.0,0.0,1.5,1,14,90,45,2,5,0
445,10867414,3,0.0,0.0,497.0,1,4,58,9,6,4,0
446,10859261,1,0.0,0.0,8.0,1,0,49,8,2,7,1
447,10868597,3,0.0,13.0,66.0,1,22,91,48,6,6,0
448,10804792,4,0.0,188.0,18.5,1,3,59,26,5,4,0
449,10830549,2,0.0,24.0,18.0,2,4,46,11,3,4,1
450,10803690,4,0.0,42.0,2.5,1,2,25,32,4,5,0
451,10803765,2,0.0,12.75,7.5,2,6,71,75,3,8,1
452,A7692,2,0.0,88.5,91.0,1,0,18,45,5,5,1
453,10804077,4,0.0,68.0,0.0,1,6,60,70,6,5,0
454,10843484,3,0.0,5.0,8.0,1,0,18,40,4,4,0
455,10836945,1,0.0,47.0,33.0,1,18,81,114,9,8,1
456,10852584,2,0.0,17.5,33.0,2,1,21,13,4,4,0
457,A7610,2,0.0,16.0,0.0,1,3,29,6,2,5,1
458,A7943,2,0.0,10.0,0.0,1,3,29,3,3,7,1
459,10832048,2,0.0,8.0,0.0,1,0,14,5,2,4,0
460,10879639,4,0.0,51.0,0.0,1,28,59,30,6,6,0
461,10803959,2,0.0,148.0,28.5,1,0,46,27,3,8,1
462,10817440,2,0.0,0.0,59.0,2,0,90,11,2,7,0
463,10834241,3,0.0,55.0,26.0,1,18,43,22,4,4,1
464,S5703,1,0.0,8.0,9.0,1,0,28,33,5,5,0
465,10804061,3,0.0,0.0,766.0,1,0,240,95,6,6,0
466,10837537,3,0.0,0.0,32.0,1,7,178,49,5,4,1
467,N8519,3,0.0,11.75,13.5,2,8,34,52,6,4,0
468,10804224,6,0.0,267.5,17.5,4,51,116,240,13,7,0
469,10874161,2,0.0,13.0,19.0,1,5,25,43,6,4,0
470,10868682,6,0.0,391.0,206.0,1,78,88,139,12,6,0
471,10804452,2,0.0,49.0,0.0,1,0,4,13,4,5,1
472,10862640,3,0.0,5.0,62.5,1,17,56,73,6,4,0
473,10848655,3,0.0,35.0,2.0,2,11,90,48,5,6,0
474,10874948,4,0.0,28.0,85.5,1,19,45,60,10,4,0
475,10805101,2,0.0,73.0,0.0,1,4,70,25,5,5,0
476,10816119,6,0.0,7.75,21.5,3,8,39,170,11,6,0
477,10805280,2,0.0,4.0,0.0,1,8,57,25,3,5,0
478,10890042,2,0.0,6.0,4.5,1,11,30,32,3,4,0
479,A7991,2,0.0,31.5,0.0,1,0,34,16,3,4,1
480,10849237,2,0.0,3.0,0.0,1,26,273,20,2,9,1
481,D6133,3,0.0,0.0,29.0,1,21,131,60,6,5,0
482,M6015,3,0.0,24.25,0.75,2,6,57,99,6,4,1
483,10804142,2,0.0,98.0,14.0,1,6,98,81,6,4,1
484,10819398,2,0.0,0.0,1.5,1,5,63,54,2,4,0
485,10875821,2,0.0,12.0,54.0,1,0,22,18,3,4,0
486,10832944,3,0.0,23.0,33.0,2,1,30,13,4,4,0
487,10794591,3,0.0,0.0,176.0,2,19,60,59,6,5,1
488,10813873,3,0.0,222.5,8.0,2,21,141,122,6,4,0
489,A7690,4,0.0,2.0,0.0,1,9,37,38,5,6,1
490,10804734,2,0.0,6.0,25.5,1,30,90,72,5,4,1
491,10865351,3,0.0,74.5,60.0,1,4,45,54,7,4,0
492,A7211,2,0.0,5.5,0.0,1,1,26,28,3,4,0
493,10848732,2,0.0,66.0,21.0,1,6,44,29,4,4,1
494,10804780,7,0.0,177.0,1136.25,3,161,282,339,19,14,0
495,10829478,2,0.0,0.0,12.0,2,0,19,5,2,4,0
496,10874853,2,0.0,15.0,69.0,1,24,139,90,5,4,1
497,M7181,2,0.0,151.75,13.5,2,16,60,33,4,8,0
498,10857689,3,0.0,8.0,0.0,1,12,83,69,8,8,1
499,A7972,3,0.0,39.0,52.0,1,3,45,47,6,5,0
500,10803243,1,0.0,1.0,0.0,1,1,21,7,2,4,0
501,10803842,4,0.0,144.0,63.0,1,24,88,80,12,6,0
502,10804280,3,0.0,0.0,383.0,1,0,33,13,6,5,0
503,10825139,4,0.0,43.5,371.0,1,14,85,171,12,6,0
504,10889767,2,0.0,0.0,22.0,1,2,40,14,3,7,0
505,10880774,5,27.5,5.5,0.0,1,22,35,40,7,4,0
506,10846446,5,46.75,362.25,0.0,1,145,195,315,13,12,0
507,10803609,2,466.25,226.0,0.0,2,48,131,248,9,4,1
508,10804251,2,0.0,71.0,0.0,2,42,357,449,11,4,1
509,10804676,8,51.5,66.0,0.0,1,128,613,397,10,8,0
510,C6947,3,7.75,12.0,0.0,1,32,168,254,5,0,0
511,10832945,3,0.0,11.0,0.0,2,2,86,19,4,7,1
512,A7462,3,0.0,264.0,0.0,1,0,46,78,5,4,0
513,10881632,2,0.0,1.5,0.0,2,0,7,3,2,7,0
514,10803972,4,9.0,18.0,0.0,1,10,66,71,7,5,0
515,10813876,6,32.0,2.0,0.0,2,10,43,52,11,5,1
516,10798471,4,4.5,28.0,0.0,1,1,40,87,7,6,0
517,10776924,6,131.5,236.5,0.0,3,167,167,473,20,7,1
518,10861565,2,3.0,1.0,0.0,1,1,39,3,2,8,0
519,10913919,2,2.0,26.0,0.0,4,31,90,49,5,4,1
520,10836794,3,49.0,48.0,0.0,1,8,44,29,4,6,1
521,10857524,3,13.0,55.5,0.0,1,4,22,34,6,4,1
522,N8565,3,27.5,8.0,0.0,1,3,14,15,6,4,1
523,10803760,3,13.0,123.0,0.0,3,7,63,76,7,4,0
524,10875268,5,151.5,112.5,0.0,1,139,102,139,12,10,0
525,10803550,5,95.0,43.0,0.0,1,102,230,140,7,4,1
526,10804704,4,178.0,28.5,0.0,1,21,88,59,6,4,1
527,10770325,3,110.0,60.0,0.0,1,3,60,11,4,4,1
528,10817991,5,25.5,133.0,0.0,2,20,46,171,9,6,0
529,10814027,1,0.0,21.0,0.0,1,0,12,5,1,4,0
530,10805103,2,0.0,288.0,0.0,1,0,64,5,4,4,1
531,10804863,7,82.5,29.0,0.0,2,24,35,78,13,7,1
532,10846483,3,0.5,15.5,0.0,1,10,63,95,7,5,0
533,10804324,2,64.5,51.0,0.0,2,2,58,76,4,4,0
534,10804269,4,12.0,76.0,0.0,2,15,150,139,11,6,0
535,10833752,2,0.0,39.0,0.0,1,2,58,35,2,4,0
536,10805030,6,46.5,50.0,0.0,1,60,84,77,9,4,0
537,10859262,2,0.0,16.0,0.0,1,0,65,23,3,7,1
538,10832044,7,42.0,37.25,0.0,1,56,81,118,16,7,1
539,10805390,2,5.0,33.0,0.0,1,29,90,39,4,7,1
540,10890391,4,2.0,19.5,0.0,1,18,25,17,5,5,0
541,10801938,8,96.0,275.5,0.0,3,25,40,142,16,5,1
542,10804531,2,0.0,2.0,0.0,1,14,22,12,2,4,0
543,10892885,2,0.0,40.5,0.0,2,8,20,19,4,4,0
544,10838463,3,0.0,8.0,0.0,1,0,87,54,5,4,1
545,10866802,2,26.5,13.75,0.0,1,4,22,12,3,4,0
546,10808756,4,2.5,24.0,0.0,1,5,26,29,5,5,1
547,10883293,3,0.0,32.0,0.0,2,3,293,124,7,4,0
548,10804789,1,0.0,2.0,0.0,1,0,365,87,2,5,0
549,10872972,4,29.0,8.0,0.0,1,43,92,82,8,9,0
550,10795303,2,194.0,381.0,0.0,2,19,111,38,5,5,0
551,10801154,8,67.0,147.0,0.0,1,32,51,212,16,4,0
552,10801896,6,5.75,5.0,0.0,1,26,33,108,9,5,1
553,10862730,1,0.0,34.0,0.0,1,4,44,13,2,7,0
554,10877757,4,23.75,24.0,0.0,1,15,60,89,5,7,1
555,10819396,2,55.0,12.0,0.0,1,0,121,21,3,4,0
556,10982515,3,50.0,19.0,0.0,1,120,366,97,5,4,0
557,A7195,2,0.0,46.0,0.0,2,2,27,7,2,6,0
558,10805051,6,125.75,64.75,0.0,2,73,123,84,8,5,1
559,10865349,3,44.0,12.0,0.0,2,0,22,22,6,4,0
560,10856402,3,27.0,26.5,0.0,1,7,50,16,3,5,0
561,B7037,6,21.5,21.5,0.0,1,15,37,41,10,4,1
562,10823829,4,195.5,194.0,0.0,1,28,86,52,7,4,1
563,10848709,3,68.0,11.0,0.0,1,0,25,11,5,5,0
564,A7242,8,176.5,138.5,0.0,1,69,57,83,13,7,0
565,A7266,6,24.5,33.75,0.0,1,22,73,66,10,6,0
566,10774978,3,14.25,67.75,0.0,3,12,81,27,4,5,0
567,A7761,3,115.75,32.0,0.0,2,13,34,83,10,4,1
568,10875677,4,66.5,18.5,0.0,1,25,45,43,7,8,1
569,A7798,5,2.0,6.0,0.0,1,1,8,18,5,5,1
570,10847064,3,0.0,12.0,0.0,1,0,50,23,3,4,0
571,10888882,4,10.0,172.0,0.0,2,20,48,24,5,6,1
572,10803790,3,109.0,155.5,0.0,2,0,7,40,7,6,1
573,10792277,4,30.5,23.0,0.0,2,5,24,74,9,4,1
574,10896440,1,0.0,1.0,0.0,1,4,31,4,1,4,0
575,10844438,2,0.0,52.0,0.0,1,0,119,14,2,4,0
576,10804880,4,24.0,24.0,0.0,1,3,35,25,5,4,0
577,10832627,3,551.0,570.5,0.0,1,72,115,31,6,5,0
578,10804254,3,40.0,18.0,0.0,2,67,314,213,11,7,0
579,10803601,2,1.5,33.0,0.0,2,1,44,32,3,5,0
580,10829651,7,91.0,155.5,0.0,2,22,39,137,21,4,1
581,D6335,4,0.0,106.5,0.0,1,21,75,110,7,7,0
582,10883751,3,22.0,12.0,0.0,1,0,3,5,4,4,0
583,10804528,4,246.25,113.0,0.0,2,18,30,22,7,6,1
584,G8131,5,18.25,11.0,0.0,1,76,63,89,9,8,1
585,10874561,6,22.5,134.5,0.0,2,78,143,101,10,5,0
586,10804582,4,71.0,420.0,0.0,2,7,89,39,7,5,0
587,10801887,3,0.0,64.0,0.0,1,1,108,146,5,6,1
588,10817990,6,0.5,220.25,0.0,2,3,32,141,9,6,1
589,10829650,3,0.0,40.0,0.0,2,0,127,73,8,6,0
590,10821563,4,38.0,7.0,0.0,1,44,90,52,6,10,0
591,10839102,3,0.0,7.0,0.0,1,15,26,58,7,4,0
592,10780666,3,0.0,18.0,0.0,2,3,114,149,5,6,1
593,10825615,2,0.0,102.5,0.0,2,4,47,40,8,5,1
594,10873963,4,4.0,9.0,0.0,1,30,79,24,6,5,1
595,10804839,5,713.5,71.0,0.0,1,18,60,15,10,11,1
596,J6901,4,0.5,4.75,0.0,2,14,84,194,7,4,1
597,H9170,3,21.5,10.0,0.0,2,0,19,23,4,4,0
598,G8150,3,11.25,58.0,0.0,1,20,88,18,4,4,0
599,10801888,4,21.5,20.75,0.0,1,16,64,103,5,5,1
600,A7762,3,252.25,115.25,0.0,2,20,34,83,10,4,0
601,A7767,3,3.5,11.0,0.0,1,3,18,74,7,8,1
602,10804752,3,0.0,120.5,0.0,2,193,142,102,10,5,0
603,10805230,5,23.25,7.0,0.0,1,30,99,72,6,8,1
604,10869737,4,23.25,4.0,0.0,1,38,73,45,7,5,0
605,10768410,3,44.0,58.0,0.0,1,2,149,22,4,4,1
606,10804905,4,1.5,34.0,0.0,1,2,20,23,5,5,0
607,10860794,2,0.0,22.0,0.0,1,0,14,12,2,4,0
608,N8583,3,17.0,23.0,0.0,2,5,41,20,6,4,0
609,10803970,4,3.0,25.0,0.0,1,14,90,120,9,7,0
610,10973989,2,162.0,148.0,0.0,4,43,122,28,3,7,1
611,10843770,2,1.0,18.0,0.0,1,0,4,4,2,4,0
612,10874826,2,0.0,23.0,0.0,1,11,59,34,3,4,0
613,10831422,2,6.75,897.0,0.0,1,33,208,79,3,4,1
614,10845473,5,15.5,5.0,0.0,1,0,19,15,5,5,0
615,10803804,2,171.0,16.0,0.0,2,3,60,27,5,5,0
616,10804939,4,63.0,12.0,0.0,2,26,39,29,8,4,1
617,A7106,2,0.0,19.0,0.0,1,2,41,10,3,8,1
618,10790134,6,7.25,15.25,0.0,2,8,25,112,10,4,0
619,10805120,1,0.0,38.5,0.0,1,0,121,46,2,4,0
620,10826090,3,10.0,23.75,0.0,1,10,37,62,5,5,1
621,10805077,6,149.0,513.5,0.0,2,42,74,166,14,7,0
622,10842858,5,39.0,13.0,0.0,1,12,31,97,12,9,1
623,10803745,5,190.25,123.5,0.0,3,16,35,80,14,5,1
624,B7095,1,0.0,22.0,0.0,1,2,35,35,3,6,1
625,10864601,4,13.0,13.0,0.0,1,3,15,25,4,5,1
626,N8545,3,352.0,256.5,0.0,2,24,67,111,8,4,0
627,10804822,4,22.5,108.25,0.0,1,24,49,58,7,5,1
628,10860858,1,0.0,10.0,0.0,1,8,135,26,2,6,0
629,10803526,11,78.0,40.0,0.0,3,17,45,295,35,11,0
630,10808754,1,0.0,14.0,0.0,1,0,10,8,1,4,0
631,10814778,4,217.0,217.75,0.0,2,58,83,47,8,5,0
632,N8553,4,327.0,229.0,0.0,2,9,52,38,9,6,0
633,10804163,4,2.0,2.0,0.0,1,16,77,63,5,7,0
634,10805078,6,195.0,144.0,210.0,2,95,112,105,12,8,1
635,10804174,3,2.0,27.0,20.0,1,14,65,25,4,6,0
636,10835141,7,394.5,237.5,92.75,4,101,40,199,33,4,0
637,10805082,7,374.0,292.5,214.0,2,303,198,826,26,8,1
638,10711225,8,954.5,1002.25,374.5,1,79,74,313,25,11,1
639,10805026,4,13.0,325.0,328.0,1,23,106,104,10,5,1
640,A7406,7,49.5,144.75,156.5,1,20,29,182,24,6,0
641,A7126,7,16.0,264.5,42.0,2,100,133,169,11,7,1
642,10804277,6,739.0,466.5,253.25,4,234,149,331,24,6,0
643,10859656,3,54.5,165.0,13.0,2,13,32,42,8,11,0
644,10803763,5,19.5,48.25,9.75,3,121,297,496,14,5,1
645,10841624,3,0.0,12.0,9.0,2,5,25,28,6,9,0
646,10874148,3,1.5,66.0,16.0,1,9,71,61,7,4,0
647,10804688,3,0.0,7.0,66.0,1,2,55,33,8,4,0
648,J6834,3,11.5,3.25,19.25,2,7,38,49,5,4,0
649,H9174,5,5.5,40.0,29.0,1,8,46,74,10,7,0
650,10804511,4,193.75,105.0,0.0,2,13,29,56,8,9,0
651,10804472,8,296.25,956.0,51.5,2,461,295,278,25,8,0
652,10754531,7,258.5,805.0,19.0,2,77,64,346,24,7,1
653,10870001,9,89.0,359.75,1.0,2,74,54,199,24,8,1
654,10825389,5,37.5,332.0,243.5,1,65,34,192,24,7,1
655,10804615,7,316.5,337.5,0.0,2,53,48,35,12,5,1
656,10804469,4,55.0,19.0,0.25,1,65,109,96,8,8,0
657,10866174,5,232.5,337.25,514.25,2,52,63,72,15,6,1
658,10835036,2,50.0,275.0,389.75,1,184,219,616,18,8,0
659,10805172,9,325.5,537.25,0.0,1,116,75,194,21,12,0
660,10892886,6,133.0,142.5,9.0,6,86,183,157,16,6,1
661,J6831,7,35.5,9.75,47.25,3,66,105,171,13,4,1
662,10872281,4,19.0,43.0,19.0,1,36,52,36,6,4,0
663,10816464,3,30.0,34.0,3.5,4,2,5,11,8,7,0
664,10805088,6,41.0,169.0,44.0,1,19,39,178,18,4,0
665,10804735,4,69.0,42.0,0.0,1,6,21,24,6,4,1
666,10882788,4,0.0,8.0,71.5,2,56,249,139,8,4,1
667,10804842,3,153.0,125.5,0.0,2,0,20,1,3,8,0
668,A7707,5,0.0,16.0,29.5,3,8,32,29,7,5,0
669,10804006,2,13.0,85.0,70.0,1,102,138,389,13,4,0
670,10804633,3,6.0,10.0,0.0,1,0,7,3,4,5,0
671,10804601,5,0.0,4.0,69.0,2,39,150,66,9,6,0
672,10803904,1,52.0,73.5,149.5,1,75,167,399,10,4,0
673,10804963,4,7.5,10.0,12.0,1,5,40,64,7,5,0
674,10803784,3,50.25,70.25,26.0,2,27,45,110,15,8,0
675,10833885,3,257.0,376.0,163.0,3,149,164,210,13,5,1
676,10874854,4,13.0,27.5,64.0,1,20,55,114,11,4,1
677,A7771,2,0.0,136.0,0.0,1,0,32,47,4,4,0
678,10846377,9,1365.25,1055.75,167.0,5,538,331,557,28,5,1
679,10757543,9,228.5,591.75,228.5,3,311,151,698,29,6,1
680,10824604,4,16.0,16.0,7.0,1,12,18,18,4,9,1
681,A7177,6,252.0,5.0,26.0,2,21,32,46,11,6,1
682,D6241,5,133.0,91.0,154.0,2,65,46,137,13,4,1
683,10830487,2,14.0,13.5,14.75,1,26,96,136,7,6,1
684,10864543,5,57.5,12.0,0.0,1,35,64,57,6,6,1
685,10895391,5,34.0,36.0,0.0,1,7,161,45,7,16,1
686,10801920,2,5.75,1.0,0.0,1,4,29,41,2,7,1
687,A7249,6,14.0,31.0,43.0,2,3,58,54,7,6,0
688,10832954,4,19.0,85.5,108.5,1,19,123,33,5,6,0
689,10804171,3,30.5,200.0,0.0,2,50,99,66,5,7,0
690,10861602,4,0.0,31.0,4.0,1,8,46,33,6,4,1
691,10803903,6,445.0,249.0,359.25,3,80,81,135,18,8,1
692,10804159,8,301.0,212.0,204.75,2,160,109,275,18,9,1
693,10804330,2,0.0,14.25,0.0,1,3,25,9,2,5,0
694,10803523,9,2553.5,937.0,286.25,3,387,165,1185,44,4,1
695,10869738,9,541.0,752.5,224.75,1,128,71,143,25,12,1
696,10804707,7,130.0,87.0,32.0,1,53,52,105,18,12,0
697,10803726,7,60.5,9.0,18.0,1,11,24,112,17,4,0
698,A7192,5,16.0,126.0,111.0,1,41,81,33,10,6,1
699,10812319,13,1769.75,2562.25,393.0,8,364,166,720,45,17,1
700,10841742,8,1038.75,1041.75,854.0,4,261,200,528,23,5,0
701,10803520,8,15.5,127.5,89.5,3,24,46,240,19,10,1
702,10805084,7,356.5,23.5,64.0,4,66,65,199,23,7,1
703,10804561,5,125.0,52.0,122.0,1,106,243,318,15,4,1
704,10819518,6,611.0,1850.75,318.0,3,269,149,405,29,6,0
705,10832045,9,44.5,4.0,0.0,1,61,103,116,15,10,1
706,10804976,3,0.0,59.0,41.0,1,146,317,228,8,5,0
707,10824548,5,44.5,630.0,384.0,1,165,64,360,31,10,0
708,10854610,1,221.0,877.0,147.75,1,156,124,273,20,5,1
709,10804586,5,369.5,350.0,1411.0,1,60,89,57,16,10,0
710,10828470,3,246.0,150.5,7.0,2,32,59,33,6,4,1
711,D6038,5,26.0,88.5,60.0,1,106,147,171,10,8,1
712,10893465,4,130.0,531.0,3.0,1,90,187,82,9,6,0
713,10804843,6,197.75,70.0,0.0,1,142,190,248,12,5,1
714,10875819,2,0.0,11.0,34.0,1,6,40,55,5,4,1
715,A7612,7,197.5,50.5,80.0,1,75,44,149,17,7,1
716,10851179,4,0.0,2.5,2.0,1,3,29,23,7,4,0
717,10803833,6,63.0,69.0,32.75,2,51,74,138,12,4,1
718,A7164,5,10.0,36.0,113.0,1,23,43,17,9,4,0
719,10936044,2,34.0,7.25,0.0,1,22,165,17,2,6,1
720,10817693,5,89.75,120.75,138.5,2,140,116,460,19,5,1
721,10803641,3,5.0,35.0,0.0,1,6,76,17,3,4,1
722,10803706,6,337.5,266.5,137.5,3,370,221,493,27,6,0
723,10676555,8,62.0,373.75,102.0,1,206,185,566,19,8,0
724,10804971,10,435.0,652.0,223.5,2,158,98,146,21,10,1
725,10805027,5,17.0,1.0,0.0,1,79,144,111,9,4,0
726,10721633,9,403.5,280.5,102.25,4,248,231,766,23,4,1
727,10851737,4,132.25,312.0,607.75,1,241,196,358,18,10,0
728,10803734,5,201.5,493.0,294.75,2,200,86,375,29,6,0
729,10699627,8,197.0,667.25,29.5,3,342,222,923,28,11,0
730,10831030,5,103.0,86.5,121.0,2,41,90,99,11,4,0
731,A7651,6,48.5,69.5,80.5,2,9,30,209,20,6,1
732,10805137,9,1019.5,834.75,122.0,3,313,217,377,27,15,1
733,10763851,5,162.0,188.5,23.25,3,89,88,215,15,11,1
734,10822168,10,75.0,251.5,48.0,3,76,49,241,51,6,1
735,10804476,7,11.0,113.5,148.0,1,348,353,546,21,8,0
736,10848710,2,234.0,26.0,1.0,1,28,47,20,5,6,1
737,10826588,9,2467.75,1656.0,919.0,3,815,249,1141,47,11,1
738,10874162,3,4.0,37.0,42.0,2,15,72,87,7,4,1
739,10860404,6,25.0,7.0,13.0,1,38,79,181,10,8,1
740,A7413,5,11.5,435.5,124.5,3,56,72,191,15,4,1
741,10851060,10,471.75,255.0,52.0,3,157,116,271,23,14,0
742,10740846,5,5.5,10.25,5.0,1,20,50,233,12,7,0
743,10875039,6,103.5,442.5,9.5,1,72,80,98,11,6,0
744,10882873,5,193.5,103.5,11.25,1,11,39,46,7,6,1
745,10831029,9,189.25,217.0,208.5,1,33,60,154,19,6,1
746,10805094,3,58.5,177.25,130.75,1,15,39,36,9,8,1
747,10805558,8,477.5,499.0,197.0,2,32,39,138,24,4,1
748,A7035,5,0.0,25.0,0.0,1,2,56,90,8,5,0
749,C6473,7,509.25,837.75,329.5,3,282,170,304,22,4,1
750,10804685,5,1.0,299.0,1.0,3,33,91,78,9,6,1
751,10805045,9,199.0,93.25,197.5,2,331,174,269,23,9,0
752,10860596,4,0.0,27.0,3.0,1,10,42,19,6,5,0
753,10864464,6,109.5,231.0,12.0,2,38,53,59,9,5,1
754,10859791,2,13.25,1596.75,197.75,2,121,97,369,29,8,0
755,10811375,4,9.0,18.5,32.0,1,9,27,98,9,5,0
756,10817441,3,98.0,4.25,18.0,2,7,96,69,6,8,1
757,10816111,5,20.0,21.0,28.0,3,56,74,201,10,5,0
758,10785929,9,58.5,336.25,20.25,3,124,142,479,20,5,0
759,10832851,3,0.0,4.0,5.0,2,1,93,69,5,10,1
760,10805392,3,0.0,4.0,1.0,2,1,14,20,4,5,1
761,10804424,8,191.0,1309.0,530.5,2,444,270,354,26,12,0
762,A7622,5,0.0,28.0,58.5,2,5,45,30,5,5,0
763,10804852,5,27.0,206.0,306.0,1,137,319,309,15,4,1
764,10805069,6,200.0,287.0,15.0,1,67,76,257,16,8,0
765,A7392,5,1.5,2.0,0.0,1,0,19,37,6,6,1
766,N8526,2,111.5,77.5,0.0,2,19,85,76,4,4,1
767,10840720,2,0.0,88.0,0.0,1,0,11,20,5,4,0
768,10804962,3,32.5,92.5,96.0,4,144,215,245,11,4,0
769,10857669,4,182.0,225.0,78.0,1,219,290,541,18,4,0
770,10804323,5,61.25,285.5,116.0,2,61,172,187,19,8,0
771,10820898,4,302.5,464.25,11.0,3,36,65,65,12,4,1
772,D6188,6,26.5,14.5,162.25,1,112,149,207,12,6,1
773,A7779,3,0.0,286.0,0.0,1,4,29,28,5,4,0
774,A7687,7,109.5,71.75,103.0,1,5,25,206,16,9,1
775,10805236,8,175.25,26.0,80.5,3,82,51,160,15,11,1
776,10832174,9,122.5,186.0,361.0,1,186,130,297,22,6,1
777,10794742,3,61.0,30.0,0.0,1,4,90,16,4,4,1
778,A7513,2,2.0,5.0,4.0,1,8,33,57,5,5,0
779,N8573,4,34.0,145.5,76.5,1,23,46,22,7,4,1
780,A7593,5,71.0,21.0,0.0,1,23,70,67,9,6,1
781,10832208,4,122.5,1216.75,254.5,1,148,152,330,26,11,0
782,10851363,1,0.0,46.0,0.0,1,0,44,8,2,4,0
783,10829454,4,0.0,116.0,14.0,2,3,44,23,5,4,0
784,10804519,5,12.0,44.0,36.0,2,11,81,122,10,4,1
785,D6320,4,100.0,283.5,159.5,1,7,28,17,7,4,1
786,10826933,7,410.5,330.5,51.0,1,136,126,275,19,7,0
787,10803240,6,36.0,11.0,138.0,1,88,194,116,10,4,0
788,10803670,6,414.75,278.25,462.25,3,226,144,636,28,6,1
789,10804850,5,52.0,352.75,13.0,2,258,207,202,13,6,1
790,10803671,2,0.0,200.0,88.0,1,0,77,21,5,9,0
791,A7224,5,31.0,95.0,14.0,2,30,82,304,14,4,1
792,10765416,6,27.5,127.5,43.0,2,146,233,121,10,6,1
793,10804546,3,181.5,326.5,1146.5,2,38,79,75,13,4,1
794,10832725,5,79.75,61.0,0.0,2,46,68,170,12,6,0
795,10848237,3,0.0,43.5,64.0,1,4,21,13,3,4,1
796,10868319,5,17.5,39.0,0.0,1,41,87,139,7,4,1
797,10804907,3,0.0,61.0,2.0,1,14,42,11,4,4,1
798,10813870,3,1.0,254.0,26.5,2,38,143,38,5,4,0
799,10886848,4,67.5,6.0,0.0,1,35,77,28,4,8,0
800,10805034,5,42.0,130.5,29.5,1,123,141,115,9,5,0
801,10803625,10,82.5,472.0,230.0,5,558,317,698,32,6,0
802,10804111,3,0.0,205.5,90.25,1,106,361,157,6,5,1
803,10862585,4,0.0,11.75,0.0,1,1,24,62,6,5,0
804,10804281,5,604.75,239.0,117.25,3,91,74,117,15,5,1
805,10833198,7,72.5,387.25,253.75,1,102,98,346,22,8,1
806,10803535,10,167.0,292.25,3.0,2,128,126,222,15,7,0
807,D6338,5,0.0,4.0,53.5,1,44,139,85,7,4,0
808,10837536,9,210.25,668.25,476.0,4,265,97,715,48,7,0
809,10762796,3,20.75,8.5,0.0,1,45,109,104,5,4,0
810,10805106,2,0.0,7.0,0.0,1,8,101,16,2,4,0
811,10804326,8,74.0,110.5,170.0,2,37,73,96,13,6,1
812,10830450,4,75.5,104.0,299.0,2,109,221,205,14,4,0
813,10859657,4,27.25,209.5,42.5,1,43,53,78,10,10,0
814,10761402,8,124.0,147.5,17.5,1,20,43,215,18,8,1
815,10803617,4,11.0,16.0,12.5,1,20,29,70,7,6,0
816,10804883,3,24.0,12.0,0.0,1,1,18,24,5,7,0
817,10803651,7,19.5,97.5,56.0,2,21,49,98,12,7,1
818,10804667,9,47.5,997.5,19.5,3,363,297,462,26,7,1
819,10859794,4,6.0,75.0,20.5,1,60,91,200,17,8,0
820,10874825,6,40.0,66.5,99.0,1,53,90,128,12,4,1
821,10804584,7,883.5,2459.5,287.25,1,458,240,443,28,13,1
822,10820357,6,131.0,36.0,35.0,2,30,60,194,13,6,0
823,10706721,6,3.0,7.75,121.5,1,43,144,416,16,4,0
824,10803805,7,1982.5,2213.5,1242.0,2,371,332,608,21,4,1
825,10803836,6,90.0,78.0,124.0,1,91,103,202,12,5,1
826,10874165,2,6.0,27.0,15.0,1,24,58,75,6,4,0
827,10803982,11,808.5,2976.25,671.0,3,63,43,141,53,9,0
828,10725691,5,8.75,25.5,0.0,2,12,58,190,10,6,0
829,10816438,6,11.0,54.75,48.25,1,13,80,96,9,10,0
830,10804220,5,16.25,317.75,60.0,3,62,119,228,12,4,1
831,10803536,7,171.5,689.75,393.5,1,371,244,635,30,6,0
832,10804357,3,0.0,12.0,28.0,1,31,260,84,4,8,1
833,10813005,5,32.0,320.25,175.0,2,124,65,273,20,4,1
834,10803736,9,65.5,550.75,8.25,2,165,158,244,23,14,1
835,10850091,5,71.5,82.0,0.0,1,8,39,12,5,8,0
836,10804067,5,381.0,39.25,0.0,2,16,53,197,9,4,0
837,H9175,7,639.5,555.25,248.25,2,122,116,302,23,14,1
838,10804916,12,435.25,320.0,117.5,3,1305,421,1733,41,12,0
839,10803801,8,321.75,315.5,17.25,4,111,99,227,18,4,0
840,10805049,5,71.25,273.0,5.0,1,9,113,137,9,5,0
841,C6699,9,225.0,177.0,394.75,2,184,134,374,21,9,1
842,10825966,6,89.0,28.0,88.0,3,13,20,49,12,8,1
843,10805179,5,349.0,20.0,55.0,2,152,203,217,12,14,1
844,10804834,5,488.75,369.0,249.0,2,149,95,296,23,5,1
845,10811482,9,651.75,1883.0,779.5,3,707,143,954,66,10,1
846,10827096,3,0.0,2.0,0.75,2,6,90,57,4,5,0
847,10804560,8,1156.5,2193.5,457.5,4,172,131,155,24,9,1
848,10804754,7,41.5,1190.0,615.5,2,367,250,356,24,11,1
849,10805038,6,457.0,555.25,1033.5,2,94,79,177,18,9,0
850,F9737,5,989.5,351.0,119.0,2,46,98,32,11,15,0
851,10827151,5,27.0,136.0,141.0,2,70,74,126,13,5,0
852,10803623,4,0.0,50.0,82.0,2,7,51,45,6,8,0
853,10850619,4,61.75,57.5,0.0,1,2,18,18,6,8,1
854,10840068,8,98.5,71.0,162.0,1,36,91,65,9,7,0
855,10803661,4,3.0,93.0,74.0,2,13,39,23,7,5,1
856,10804151,4,30.0,34.5,12.5,1,112,294,188,7,8,0
857,10805121,6,71.0,53.0,140.0,1,122,271,254,12,5,0
858,10836181,2,0.0,24.5,21.0,1,32,126,84,8,4,0
859,10838595,4,13.25,169.75,0.0,1,92,195,297,12,9,0
860,10804376,2,975.5,952.0,0.0,2,66,172,115,8,4,0
861,10805163,7,150.0,240.5,215.0,4,29,56,203,18,8,1
862,10804922,9,361.0,975.75,250.5,2,123,90,124,17,7,1
863,10874963,6,99.0,18.5,111.0,1,33,44,83,10,5,1
864,10853736,7,222.0,61.0,189.0,1,312,323,336,20,4,0
865,10804081,2,0.0,169.5,0.0,1,13,63,42,5,8,0
866,10822845,9,162.0,846.5,513.5,2,181,152,610,41,9,0
867,10824786,5,612.5,211.5,239.5,1,36,38,38,15,5,1
868,10885447,4,0.0,77.0,108.0,1,3,101,44,5,8,1
869,10805246,2,0.0,31.0,0.0,1,2,11,14,3,5,0
870,10803976,1,5.0,122.5,200.75,1,94,182,565,12,9,0
871,10803943,5,96.5,113.25,14.0,2,68,116,282,17,6,1
872,10803606,2,2.0,41.5,10.5,1,21,65,115,7,5,0
873,10919547,1,0.0,5.0,15.5,1,16,90,24,2,4,1
874,10825846,4,268.0,331.5,214.5,3,59,39,193,25,4,1
875,10803646,1,0.0,49.0,0.0,1,3,20,2,1,5,1
876,10856864,7,1518.75,817.0,605.25,5,257,130,231,32,8,1
877,B7000,6,17.0,3.0,298.0,1,2,63,89,8,6,0
878,10804989,5,849.0,1847.75,77.0,2,60,84,339,20,7,1
879,D6151,10,426.25,1035.0,1011.25,5,289,140,766,45,7,0
880,10803253,7,95.0,62.0,472.25,1,40,149,274,19,9,0
881,10804738,8,2314.0,463.75,1330.0,3,466,230,620,34,15,1
882,D6254,6,115.5,150.25,108.5,2,119,101,267,19,12,1
883,10803878,3,101.5,47.5,0.0,2,17,32,28,6,4,0
884,10819594,6,45.75,29.25,120.25,2,85,137,403,16,4,0
885,10804110,4,86.75,138.75,372.0,1,24,47,134,14,6,0
886,10826984,6,2.0,117.5,80.0,3,23,88,63,9,5,0
887,10803725,5,71.0,474.25,12.0,1,73,100,92,13,5,0
888,10892406,6,3.0,32.0,192.5,1,61,61,111,11,7,1
889,10803843,4,40.5,46.25,11.0,2,0,15,35,9,7,0
890,10804891,7,161.5,758.0,738.5,1,239,166,416,28,9,1
891,A7185,8,76.75,176.25,30.0,1,112,111,371,16,6,0
892,10853529,3,114.0,120.0,0.0,3,35,156,114,7,11,0
893,10803957,3,39.5,19.75,0.0,2,24,82,41,5,4,0
894,C6868,7,67.0,51.0,44.0,1,105,223,208,13,6,0
895,10803932,9,1418.0,764.25,1474.25,5,538,193,636,35,8,1
896,10874168,2,3.0,78.0,22.0,1,1,49,34,6,4,0
897,10875820,5,0.0,24.0,55.0,1,9,35,66,9,4,1
898,10803778,9,35.5,1.0,0.0,2,5,94,189,17,4,1
899,10829824,5,35.75,52.0,47.0,2,6,16,30,12,5,1
900,D6131,6,63.5,131.5,57.0,1,104,104,203,14,7,0
901,10837318,7,135.0,248.5,78.0,2,60,92,119,15,11,1
902,D6190,2,91.0,58.0,0.0,3,53,114,136,5,4,1
903,10803613,7,5.0,40.0,27.5,1,9,24,71,12,10,0
904,A7163,6,211.5,84.0,26.0,1,127,133,262,16,7,0
905,10853366,5,4.75,102.0,13.0,1,4,29,65,9,7,0
906,10803769,5,179.5,394.5,0.0,3,153,143,484,14,6,1
907,10805189,4,2.5,153.5,0.0,1,10,73,28,5,4,0
908,A7613,6,121.25,234.75,98.0,2,14,29,237,24,7,1
909,10823962,9,145.75,435.5,91.5,2,56,36,104,22,10,1
910,10804406,2,6.0,18.0,23.0,2,0,10,11,4,4,0
911,D6229,7,300.75,175.0,38.0,2,20,17,26,21,10,0
912,D6203,5,30.0,37.5,119.0,1,95,152,134,11,8,0
913,A7398,4,14.0,166.0,21.0,1,10,36,55,10,5,0
914,10898532,3,1.0,5.0,16.0,2,65,244,411,9,4,0
915,10804335,2,327.25,539.5,2223.0,3,237,364,235,14,10,1
916,A7313,3,233.0,462.0,402.0,1,21,105,41,6,5,0
917,10804944,7,84.5,77.5,481.0,2,80,104,411,23,7,0
918,10711214,10,268.25,531.5,16.0,3,80,117,571,32,6,1
919,10841741,5,130.25,197.0,86.5,2,12,43,151,16,6,1
920,10804121,8,198.0,235.75,34.0,1,185,274,532,19,5,1
921,10848731,1,0.0,8.75,2.0,1,15,30,35,3,7,0
922,10804390,4,2.5,522.5,72.25,3,373,412,353,14,6,0
923,10699624,4,48.0,15.75,159.0,1,15,56,125,7,4,1
924,10829456,3,0.0,56.0,18.0,2,3,42,20,5,4,0
925,N8550,5,107.0,150.0,30.5,3,25,25,145,16,6,0
926,10826465,3,86.25,496.0,13.0,1,21,50,64,12,6,0
927,10805176,4,17.0,31.5,0.0,1,40,60,61,6,4,1
928,10803586,5,780.25,110.0,17.5,2,116,189,522,17,5,1
929,10801886,6,132.0,2.25,0.0,1,56,85,164,9,11,1
930,10845549,3,0.5,67.5,0.0,2,8,45,48,5,6,1
931,10804940,9,53.75,97.0,0.0,3,130,211,158,14,10,1
932,10887294,4,68.0,10.0,40.0,1,52,163,91,6,4,0
933,10873231,2,0.0,461.75,205.75,1,71,48,239,24,6,0
934,10853376,5,118.5,107.75,0.0,3,10,29,95,14,8,0
935,A7764,5,0.0,138.0,395.0,1,12,34,112,12,4,1
936,10804872,7,67.0,148.5,151.5,1,68,98,284,18,8,1
937,10857728,5,4.0,47.0,0.0,2,6,56,80,8,8,0
938,10812908,4,4.0,45.5,0.0,2,40,106,67,5,6,1
939,A7150,7,318.5,256.75,234.0,2,104,117,313,21,6,1
940,10874857,2,0.0,2.0,13.0,1,2,16,34,4,4,0
941,10803652,4,13.5,149.0,166.0,1,30,72,54,7,5,1
942,10865427,2,38.5,176.0,0.0,2,11,53,63,5,4,1
943,10884511,5,61.5,75.0,42.0,1,24,30,23,9,5,0
944,10803792,7,218.5,125.25,28.5,4,61,69,200,24,15,0
945,10796986,6,73.0,172.5,0.0,2,29,50,27,8,6,1
946,10805138,5,229.0,60.75,39.0,2,59,86,238,17,8,0
947,10803986,4,285.25,108.25,11.0,1,24,134,166,9,8,1
948,D6301,4,121.75,454.5,21.5,2,49,131,239,12,11,0
949,10831170,2,0.0,111.0,461.75,1,3,75,14,4,11,1
950,10837849,1,6.0,23.0,25.5,1,36,101,222,11,6,1
951,10804264,5,11.75,154.5,141.5,1,127,272,182,13,7,0
952,10837571,3,0.0,78.0,74.0,1,1,25,11,4,4,0
953,10804856,6,511.0,1539.5,314.0,2,36,89,60,16,13,1
954,10857000,8,234.0,379.0,291.5,1,68,62,116,23,9,0
955,10829682,5,36.0,50.0,6.0,2,11,23,111,14,4,0
956,10803946,4,8.0,232.25,0.0,4,40,171,139,6,4,1
957,10804698,9,162.0,541.0,265.0,1,52,87,154,21,4,0
958,A7389,3,1.5,61.25,36.25,1,1,15,21,5,6,0
959,10832662,4,0.0,192.0,0.0,2,1,25,13,6,5,0
960,10813166,7,13.0,10.0,63.0,1,144,243,304,13,10,0
961,10725687,9,2440.25,297.0,309.5,3,287,211,908,25,9,1
962,N8517,5,103.5,15.5,31.5,2,23,52,115,11,6,1
963,10793866,7,193.25,163.75,75.5,2,148,91,421,21,5,1
964,10813951,6,69.5,16.0,30.0,2,15,25,26,7,8,1
965,10834941,7,302.5,958.0,0.0,1,91,70,73,15,5,1
966,10851964,2,0.0,31.5,1.0,1,8,72,143,9,6,0
967,10838439,5,0.0,13.0,28.0,2,48,153,134,8,6,0
968,10804726,5,118.5,40.0,39.0,1,68,58,125,18,4,1
969,10803809,3,1283.75,264.0,882.0,2,178,296,229,10,4,0
970,10885499,6,130.75,528.5,203.5,2,133,79,94,15,7,0
971,10803629,9,115.5,192.0,177.0,2,144,174,326,19,6,1
972,10805221,9,76.5,161.25,24.5,4,223,175,259,25,11,1
973,A7911,1,0.0,24.5,0.0,1,0,7,3,3,4,0
974,10836083,2,5.0,1.0,0.0,1,4,57,61,4,4,1
975,10842433,5,5.0,14.0,3.0,1,1,8,25,8,6,0
976,A7331,7,60.0,91.0,0.0,1,12,35,56,10,7,1
977,10803961,1,0.0,63.5,325.0,2,48,364,69,4,4,1
978,10803616,2,31.0,163.5,5.75,1,22,60,176,9,5,0
979,10834669,5,57.0,78.0,37.0,2,43,45,79,10,4,0
980,10813493,5,10.5,106.75,117.5,1,154,164,407,15,7,1
981,10804661,11,2736.25,999.5,3144.0,3,534,158,545,64,15,1
982,10805025,7,2738.5,149.0,0.0,2,118,182,82,13,9,1
983,10803861,5,8.25,60.0,242.5,3,66,59,119,14,4,1
984,10827134,2,29.5,36.5,78.0,1,52,83,195,9,7,0
985,10837697,4,0.0,21.25,23.0,3,13,50,43,5,6,1
986,10805128,5,58.0,9.5,177.0,2,28,46,208,17,8,0
987,10826951,3,125.0,143.5,158.0,1,18,29,20,9,8,1
988,10805251,5,5.0,45.25,15.0,1,58,196,214,11,7,0
989,10804242,5,135.0,81.0,32.0,1,32,68,219,15,4,0
990,A7747,5,0.0,35.5,18.0,1,3,34,97,10,4,0
991,10804361,4,0.0,18.0,0.0,2,4,20,46,8,7,0
992,10855311,9,659.25,1533.25,1161.0,1,235,91,417,40,7,1
993,10878432,4,60.0,68.0,31.5,1,4,18,31,6,7,0
994,10804105,6,1034.5,1225.5,1222.25,2,178,217,251,20,8,1
995,10874150,6,6.0,111.0,341.0,1,199,292,341,14,4,1
996,10805931,7,561.5,154.75,41.0,1,53,28,67,17,11,1
997,10849194,7,330.75,259.0,348.0,1,50,32,90,22,4,0
998,10803687,8,153.0,212.5,6.0,1,289,336,372,13,7,0
999,10804172,3,0.0,19.0,6.5,1,0,38,34,5,6,0
1000,10804285,3,704.0,661.0,0.0,2,15,87,29,9,4,1
1001,D6223,6,171.25,277.25,156.0,2,123,107,48,10,7,1
1002,10832547,2,0.0,413.5,0.0,1,4,94,50,2,5,1
1003,A7216,4,5.25,10.5,59.25,1,9,33,128,10,7,0
1004,10804966,7,838.0,800.75,69.5,4,59,38,129,29,7,1
1005,10803827,2,2.0,113.0,0.0,1,3,16,16,5,4,1
1006,10850051,3,21.0,17.5,51.0,1,14,28,40,7,4,1
1007,10803660,8,73.5,72.0,190.0,1,102,138,306,14,7,0
1008,10864518,7,134.0,31.0,86.5,2,67,92,198,20,8,0
1009,10866005,8,342.0,191.25,39.0,4,169,255,259,24,5,0
1010,10803254,9,60.0,141.0,26.5,1,138,249,266,13,6,0
1011,10874852,4,6.25,32.5,217.0,1,4,38,81,10,4,1
1012,10803668,4,205.0,629.75,105.0,3,281,172,621,26,6,0
1013,10851885,5,36.0,30.5,0.0,1,23,59,42,8,7,0
1014,10837752,3,16.25,95.0,77.5,2,49,151,47,4,5,0
1015,10804564,5,505.5,111.0,92.0,1,704,532,261,17,5,1
1016,10803558,5,6.0,5.0,40.5,1,15,38,55,7,4,0
1017,10804908,7,21.0,57.0,12.0,1,5,27,52,9,9,1
1018,10804781,6,87.25,11.5,71.0,1,108,108,165,13,5,1
1019,10803782,3,4.0,14.0,84.0,2,20,64,50,9,4,0
1020,10804866,9,1195.25,2721.75,1687.75,6,502,308,457,26,9,1
1021,N8531,4,37.5,249.0,56.5,2,5,21,32,10,10,0
1022,10805079,4,23.0,0.0,48.0,1,13,53,39,4,6,0
1023,10804910,5,25.5,0.0,131.25,3,18,143,60,8,4,1
1024,J6751,3,2.0,0.0,50.0,2,32,113,165,13,0,0
1025,10850157,2,0.0,0.0,100.5,1,18,248,43,3,10,1
1026,10804874,2,40.5,160.25,1.5,1,16,42,102,7,8,1
1027,10892443,3,0.0,40.0,15.0,2,0,15,13,4,5,0
1028,10825942,4,14.5,0.0,22.0,1,15,94,10,7,16,1
1029,10874824,4,5.5,50.5,2.0,1,37,108,96,7,4,0
1030,10894338,3,63.0,18.0,50.0,1,51,57,46,8,5,1
1031,10824504,8,574.5,284.5,119.0,2,247,174,295,20,8,1
1032,10803718,12,2982.0,3224.0,1499.25,6,502,145,567,58,9,0
1033,10804602,13,4720.75,14112.75,8913.75,6,432,89,598,108,19,1
1034,10805005,5,60.0,61.0,127.0,1,34,72,66,10,9,1
1035,10804236,9,595.0,376.75,139.5,2,81,46,468,44,11,0
1036,10803807,9,264.25,180.5,268.5,2,225,120,306,22,10,0
1037,10803569,8,325.5,394.5,357.75,3,673,391,751,25,5,1
1038,10823432,2,0.0,45.5,19.0,1,2,118,21,2,4,0
1039,10804996,5,157.0,290.0,44.0,2,105,168,95,10,4,1
1040,10803642,8,1071.0,543.5,903.25,4,77,70,263,34,14,0
1041,10828451,3,21.0,38.0,23.0,1,46,135,57,5,4,1
1042,A7199,6,27.0,140.5,138.5,1,18,37,151,16,6,1
1043,10860229,6,222.5,360.0,361.0,1,75,74,128,20,10,0
1044,10818544,3,0.0,136.0,171.0,2,2,182,27,4,5,1
1045,10761530,4,146.5,108.0,177.0,3,29,46,89,12,4,1
1046,10803692,5,3.5,62.5,91.0,1,32,112,76,9,6,1
1047,10804859,3,0.0,6.5,7.0,1,14,29,13,3,5,0
1048,10865296,11,1693.5,1545.0,857.5,4,316,60,333,57,6,0
1049,10803821,8,79.0,176.0,71.0,2,75,60,269,23,5,0
1050,10804574,7,1855.5,458.25,22.5,1,339,221,633,20,9,1
1051,10882792,7,41.5,102.5,512.5,2,122,168,220,14,4,1
1052,10803954,1,5.25,7.0,15.25,1,40,241,396,7,5,0
1053,10834007,7,51.5,132.75,61.25,1,40,81,162,14,4,1
1054,10866741,13,1213.5,901.0,186.0,3,300,77,433,53,8,1
1055,10850267,4,5.0,39.75,37.75,2,45,67,198,14,4,0
1056,10803867,7,27.0,153.0,26.5,2,19,49,107,13,5,0
1057,10811463,4,15.0,6.0,52.0,2,18,36,155,13,4,0
1058,10847227,5,147.0,187.5,38.0,2,58,67,60,11,7,1
1059,S5689,3,0.0,1.0,20.0,1,33,50,58,5,7,1
1060,10836180,2,6.0,68.5,50.75,1,77,129,169,11,4,1
1061,10885606,4,8.75,15.5,6.5,1,2,11,49,7,6,0
1062,10825295,5,88.5,125.0,130.0,2,83,87,64,13,11,1
1063,10874151,4,2.0,109.5,170.0,1,17,74,128,10,4,1
1064,10775730,4,8.75,4088.0,16.0,2,224,364,420,19,5,0
1065,10817413,5,88.0,112.0,2.5,3,3,4,34,17,7,1
1066,10889157,4,116.5,62.75,36.5,2,11,32,48,9,5,0
1067,A7908,10,87.5,298.0,469.0,3,151,140,639,34,4,1
1068,10831426,5,111.75,33.75,105.0,2,121,164,543,16,5,0
1069,10845991,7,0.0,145.5,180.5,2,40,81,66,10,5,0
1070,10804978,5,800.75,1408.5,957.5,4,267,323,164,17,4,1
1071,A7315,5,122.0,76.75,66.5,1,145,172,247,18,6,1
1072,10825468,5,321.75,541.75,25.0,1,4,37,125,15,6,1
1073,C6698,7,65.0,136.0,274.5,2,180,148,345,17,9,1
1074,10869700,5,179.0,99.0,126.0,1,56,62,29,11,4,1
1075,10870071,8,85.75,42.75,41.75,3,37,69,126,16,11,1
1076,10804755,6,244.0,147.75,430.0,1,60,52,187,19,4,1
1077,D6329,5,127.0,39.0,3.0,1,64,59,83,9,8,1
1078,10794686,9,426.5,796.25,58.5,6,413,344,1163,31,6,1
1079,G8146,3,28.0,60.0,203.0,3,31,91,46,7,5,0
1080,10882195,7,82.25,220.5,6.0,3,62,65,83,13,6,0
1081,10874845,5,89.25,364.0,8.0,1,29,106,123,10,4,0
1082,10804066,1,0.0,7.0,92.75,1,133,234,367,8,4,0
1083,A7717,7,283.25,103.0,64.0,3,41,39,222,18,6,1
1084,10804603,9,805.75,982.75,1535.5,5,424,334,431,25,6,0
1085,10804544,12,6855.25,4782.5,3530.75,3,2513,529,1444,67,4,1
1086,10825388,9,95.5,146.5,27.75,3,54,45,256,27,4,1
1087,10801897,11,212.5,419.0,148.75,5,443,356,1086,27,7,1
1088,10804496,9,854.5,123.0,191.0,4,71,89,293,26,9,1
1089,10837669,6,189.75,510.25,253.75,2,79,70,228,26,6,1
1090,10861619,6,73.5,470.0,509.5,1,183,255,354,21,4,0
1091,10823701,3,0.0,0.5,689.5,1,11,145,149,6,5,0
1092,10828091,9,210.5,324.0,196.5,1,158,77,175,24,12,0
1093,10821732,5,268.5,267.5,343.75,1,83,118,75,16,17,1
1094,A7763,6,101.5,52.25,0.5,1,16,47,119,9,6,0
1095,10825591,5,37.25,121.0,7.0,2,27,54,124,8,5,0
1096,10804982,4,0.0,361.5,67.0,1,23,113,84,8,5,0
1097,10804647,6,0.0,96.0,16.5,2,31,93,97,14,4,1
1098,10804929,8,661.0,2429.0,1330.75,2,565,152,1196,70,5,1
1099,10804938,3,114.0,48.5,518.0,2,49,58,53,10,6,0
1100,10804861,12,2010.75,3070.75,961.75,5,442,114,835,63,8,0
1101,10875676,3,0.0,2.0,16.0,2,5,88,19,3,4,1
1102,10803664,3,15.0,55.0,26.0,1,96,346,88,4,5,0
1103,10945344,4,0.0,55.0,95.5,1,65,193,78,5,4,0
1104,10856298,6,422.5,189.5,12.25,1,113,76,169,15,4,1
1105,10804350,6,20.0,200.5,51.0,3,124,161,292,16,8,0
1106,10842432,5,55.0,91.5,10.0,1,8,18,32,9,7,1
1107,10812056,4,180.25,164.5,52.5,2,29,25,59,14,4,1
1108,10835134,3,169.0,468.75,8.5,2,65,103,59,10,4,0
1109,10804613,5,37.5,348.0,30.0,1,18,60,38,13,5,0
1110,10849244,10,225.0,35.5,48.5,1,12,39,157,24,8,0
1111,10804524,3,5.0,19.0,0.5,1,0,3,10,4,4,0
1112,10860230,10,630.25,1144.5,546.5,2,325,88,419,47,6,0
1113,10804147,2,5.0,205.5,9.0,2,33,126,285,9,8,1
1114,10804917,4,86.5,37.0,111.0,1,55,61,87,12,7,1
1115,10804964,8,332.5,1154.5,686.5,3,318,247,257,17,5,1
1116,10803528,7,332.0,319.0,52.5,3,20,34,57,21,4,0
1117,D6319,7,106.75,179.25,136.0,2,96,67,296,26,8,0
1118,10804427,5,78.25,88.5,70.0,1,28,39,80,14,4,1
1119,10804368,6,190.25,128.5,188.0,2,54,67,161,16,5,1
1120,10829826,5,34.0,89.75,14.5,1,12,29,62,11,5,1
1121,10848236,5,63.0,23.0,8.0,1,64,128,91,8,4,0
1122,10821818,4,32.0,28.0,5.0,1,33,97,57,5,4,0
1123,10803636,6,27.0,42.0,5.0,1,133,177,360,13,4,0
1124,10803732,4,117.25,125.25,107.5,2,41,102,138,9,7,1
1125,10804466,5,1.0,16.0,4.0,1,0,36,46,7,7,0
1126,10853959,2,0.0,18.5,2.5,1,12,40,32,5,6,0
1127,10874855,8,90.5,241.5,175.5,1,20,46,97,16,4,0
1128,10804070,1,2.0,117.25,93.5,2,135,311,597,13,4,0
1129,10874164,4,5.0,73.0,71.0,2,27,72,117,10,4,0
1130,10803862,5,0.0,30.5,8.0,1,31,439,244,10,4,0
1131,10805062,6,188.75,286.5,138.75,1,58,53,148,21,6,0
1132,F9713,5,576.25,125.5,94.5,1,11,26,0,11,15,1
1133,10875068,4,17.0,8.5,20.0,2,0,12,18,6,6,0
1134,10804232,12,3139.0,1007.0,468.25,6,274,91,550,62,8,1
1135,10804108,9,713.75,178.75,9.0,3,161,159,196,21,6,1
1136,10851043,2,0.0,35.0,44.0,1,7,79,77,6,5,0
1137,10832751,3,32.75,20.0,31.0,1,3,26,23,6,7,1
1138,10804313,3,478.0,1758.0,726.25,4,505,344,429,30,11,1
1139,10803731,7,68.0,7.5,20.0,1,29,52,81,9,4,1
1140,10833701,2,0.0,13.0,398.75,1,9,132,158,6,5,0
1141,10804992,7,602.75,1120.25,820.5,3,123,75,502,41,6,0
1142,10792995,8,90.0,339.25,51.5,2,279,206,546,25,4,0
1143,10803948,1,191.0,304.75,62.0,1,59,364,52,3,5,1
1144,10846983,5,400.0,610.0,3262.5,2,62,91,10,13,10,1
1145,10813082,8,256.0,1002.0,1151.5,1,254,243,608,31,9,1
1146,10840820,9,154.5,178.5,33.0,2,268,202,497,21,6,1
1147,10804987,6,96.5,55.0,45.5,1,181,215,329,17,5,0
1148,10803679,3,299.0,246.0,309.5,2,29,74,45,10,4,1
1149,10804044,1,47.0,447.75,46.5,1,277,126,612,25,5,1
1150,10885298,2,0.0,7.5,9.5,1,30,97,93,4,6,0
1151,A7422,4,11.0,16.0,6.5,1,29,69,60,8,4,0
1152,10804266,5,226.5,239.75,40.0,1,286,242,256,14,6,1
1153,10805031,3,16.0,0.0,184.0,1,55,115,102,6,4,1
1154,10832602,6,3.0,16.0,12.5,1,8,7,47,12,7,0
1155,10806253,6,55.75,8.0,1.5,1,17,51,238,12,5,1
1156,A7170,7,237.0,74.5,37.0,2,72,43,129,16,5,1
1157,10804728,4,46.0,11.0,23.5,1,92,187,160,7,4,1
1158,10805014,7,107.0,297.75,152.25,1,111,146,369,17,9,0
1159,10804334,5,27.0,84.0,31.0,3,60,123,129,10,7,1
1160,10832119,7,244.5,263.5,195.5,2,145,85,211,23,7,1
1161,10804833,1,0.0,6.0,1.0,1,4,29,25,3,4,0
1162,10805081,5,16.0,50.0,10.0,1,0,6,18,7,6,1
1163,10880777,5,37.0,47.0,194.0,2,30,34,47,10,7,1
1164,10803579,14,839.0,1450.75,893.5,6,1341,366,1353,54,12,0
1165,10803850,6,129.0,244.0,394.5,3,139,148,187,23,10,1
1166,10803753,8,27.5,82.5,29.25,2,70,152,370,18,10,1
1167,10823050,4,84.5,450.0,548.25,2,43,62,192,19,9,0
1168,N8563,2,1.5,0.0,238.5,2,0,44,58,4,4,1
1169,10817306,8,57.5,170.5,4.0,1,17,11,51,16,9,1
1170,10804791,3,13.0,94.5,94.0,1,70,207,50,8,6,1
1171,10804979,5,1561.5,563.25,48.0,2,151,193,458,19,7,1
1172,10817283,9,130.5,532.0,717.5,3,447,267,642,30,6,0
1173,D6117,6,60.5,132.0,194.0,2,110,130,129,13,9,1
1174,10832046,6,264.5,1220.0,819.0,2,147,130,143,16,7,1
1175,10816139,3,31.0,214.25,160.0,1,94,158,216,11,4,0
1176,10868790,4,26.0,141.0,41.5,1,31,48,67,9,4,0
1177,10804712,9,414.75,555.25,459.75,4,299,163,381,31,10,1
1178,10814999,4,26.5,29.0,16.5,1,12,47,33,5,7,0
1179,10804590,9,1792.5,1493.5,1232.0,3,159,89,103,29,8,1
1180,10804724,8,602.0,354.0,258.0,2,188,112,313,29,12,1
1181,10812127,6,132.5,399.0,49.5,2,93,60,241,23,4,1
1182,10804764,5,39.0,3.0,304.0,1,35,87,86,9,7,1
1183,10857670,2,87.0,127.5,52.0,1,122,302,482,11,4,0
1184,10846162,8,682.0,740.75,568.5,5,265,176,322,25,5,0
1185,10848689,2,38.0,0.0,1.0,1,6,75,16,3,10,1
1186,10868158,5,41.0,62.0,44.75,1,22,28,42,9,8,1
1187,10858271,9,501.75,1129.75,108.0,1,63,41,104,22,5,0
1188,10805166,5,18.5,113.0,99.5,1,44,35,79,11,4,1
1189,A7538,4,1.0,8.0,28.5,1,4,54,176,7,5,1
1190,10804995,7,58.75,29.0,6.0,2,42,46,77,12,8,1
1191,10801909,5,55.25,93.5,42.0,1,62,78,207,10,6,1
1192,10813163,3,194.5,6058.25,358.0,1,78,138,167,23,5,1
1193,10837973,5,0.0,72.5,117.5,1,10,54,23,6,6,0
1194,10803866,8,159.5,170.75,134.5,2,86,270,321,12,6,1
1195,N8529,3,11.5,10.5,5.75,1,4,18,28,8,10,1
1196,10826480,6,24.0,24.5,69.5,2,65,87,166,14,6,0
1197,A7698,9,196.25,251.75,52.5,3,67,52,325,23,7,1
1198,10804432,4,9.0,2.0,9.0,1,0,13,31,6,4,0
1199,10804816,6,379.25,1029.25,643.5,2,120,136,87,14,9,1
1200,A7217,7,195.0,344.5,3.0,2,92,104,172,18,7,1
1201,10827155,4,8.5,114.0,23.0,2,25,38,61,10,4,0
1202,10823930,10,846.0,1649.25,188.0,4,437,165,586,40,9,0
1203,10880462,6,138.25,492.0,12.0,1,42,65,111,14,8,0
1204,10833674,4,8.0,75.0,107.0,1,54,179,88,10,6,0
1205,10804918,5,31.5,21.5,15.5,1,33,46,145,12,6,1
1206,10804731,4,42.0,61.0,5.0,2,79,103,134,10,4,0
1207,10919546,2,1.5,5.0,24.25,1,33,90,49,4,4,0
1208,10804096,4,534.0,1061.0,2686.5,6,526,422,513,24,8,1
1209,10860784,3,0.0,292.5,434.75,1,32,61,70,10,4,1
1210,10835066,7,1050.0,1881.0,606.0,3,536,324,532,31,6,0
1211,10803973,6,18.0,18.0,41.0,1,17,84,134,11,7,0
1212,10874847,3,0.0,53.0,40.0,1,6,64,57,5,4,0
1213,C6440,5,328.5,416.75,408.0,2,181,203,358,17,0,1
1214,10874149,2,0.0,33.0,27.0,1,22,38,43,5,4,0
1215,10887455,7,79.5,43.0,39.0,1,41,28,49,14,6,1
1216,10804463,5,155.0,219.0,43.75,3,155,169,500,19,4,0
1217,10852640,4,0.0,65.0,13.0,1,13,24,30,6,7,1
1218,10804869,6,525.0,561.5,46.0,3,218,200,318,16,4,1
1219,N8524,5,28.0,78.0,71.0,2,9,40,128,13,5,0
1220,10801907,7,27.75,6.5,5.0,1,3,23,79,8,4,1
1221,10848729,10,479.0,708.0,351.0,3,286,130,324,29,16,0
1222,10804523,6,441.75,217.0,30.0,2,153,123,294,16,7,1
1223,10857727,6,12.5,16.0,65.75,2,38,71,103,9,7,0
1224,10803900,1,120.0,167.75,82.5,2,129,189,661,18,4,1
1225,10804542,7,391.0,146.75,387.5,2,134,107,272,20,9,0
1226,10839933,5,79.0,31.0,13.75,1,5,11,24,7,8,1
1227,10804974,9,387.5,376.0,51.0,5,362,178,339,36,4,1
1228,10847932,7,197.75,127.25,200.25,1,60,67,260,18,7,0
1229,10896449,3,0.0,0.0,24.0,1,5,71,30,4,10,0
1230,10804732,4,82.0,37.0,84.0,1,58,63,81,9,4,1
1231,N8554,6,384.25,217.75,238.75,3,84,52,99,14,5,1
1232,10828092,8,368.75,927.5,80.0,2,246,151,210,21,6,1
1233,10854190,5,25.0,57.5,4.0,1,15,37,31,9,5,1
1234,10803752,7,353.5,104.5,202.75,2,135,158,259,17,5,1
1235,10805043,3,2.5,92.0,43.0,1,10,33,60,11,4,1
1236,10803730,4,187.75,372.0,191.0,1,20,99,58,7,7,1
1237,10804609,5,37.25,151.0,3.5,1,12,60,86,10,6,1
1238,10804461,4,22.25,91.75,10.0,1,3,71,88,8,4,0
1239,A7396,7,265.0,434.0,250.0,2,58,89,180,16,5,0
1240,10841372,11,291.5,243.0,179.5,6,23,29,139,25,8,0
1241,10811376,3,4.0,85.5,3.75,2,50,90,99,7,6,1
1242,10805186,2,0.0,7.5,399.0,2,59,185,87,7,0,1
1243,10803889,7,18.5,12.5,70.75,3,162,204,313,15,8,0
1244,10859792,2,2.75,85.5,271.5,1,74,91,272,14,8,1
1245,A7352,5,35.0,181.0,304.5,1,9,23,171,20,6,1
1246,10804701,4,44.0,3.5,57.0,1,1,59,93,8,7,0
1247,10850052,4,28.0,4.5,27.75,1,3,4,14,5,5,1
1248,10804638,7,24.0,252.5,80.5,3,79,87,158,15,7,0
1249,10835722,8,934.0,1327.75,451.75,3,539,242,921,35,7,0
1250,10804033,12,1022.5,2815.25,1824.0,2,977,609,1796,60,6,0
1251,10803773,5,23.0,39.0,31.0,1,66,87,127,9,7,1
1252,10803826,6,6.0,3.0,8.0,1,9,26,101,12,4,1
1253,10850621,7,547.75,1431.0,372.0,2,107,70,177,22,4,1
1254,10804187,1,0.0,0.0,14.25,1,1,28,49,3,5,0
1255,A7547,6,12.0,87.5,2.0,1,25,75,52,8,6,0
1256,10803587,5,259.0,486.25,258.0,2,95,129,106,14,7,0
1257,10839101,1,10.75,66.5,212.5,1,106,189,501,14,7,0
1258,10804088,6,346.25,369.75,136.0,3,312,364,411,17,9,1
1259,10805233,3,14.0,220.0,173.0,1,7,105,64,4,5,0
1260,10804005,7,45.75,107.0,38.0,1,128,193,147,11,6,0
1261,10803594,9,3137.25,2215.0,471.0,4,454,291,216,19,8,1
1262,10803812,3,528.75,1216.75,329.0,2,72,96,118,12,5,0
1263,10890810,9,594.75,717.75,205.0,6,147,62,202,35,10,1
1264,10804774,11,1568.0,1294.25,86.0,3,369,222,558,35,15,1
1265,10852696,5,6.0,82.5,138.5,3,28,46,68,10,7,0
1266,10804058,4,70.75,97.25,27.25,3,29,57,144,14,4,0
1267,10804222,10,1526.75,331.75,176.0,4,173,95,361,31,8,1
1268,10821035,11,521.25,1104.75,784.25,3,450,153,966,57,12,0
1269,10804249,6,256.75,275.0,317.0,2,138,107,254,20,8,1
1270,10804209,6,274.0,144.25,4.0,2,13,49,137,14,5,0
1271,A7530,4,0.5,59.5,3.5,1,5,36,96,10,6,0
1272,10800391,6,47.5,142.5,30.0,3,100,144,300,15,4,1
1273,10803713,5,34.0,43.5,69.0,1,38,91,153,9,8,0
1274,10804694,10,285.0,603.5,170.0,3,96,71,104,23,9,1
1275,10803783,3,95.0,448.75,111.5,2,59,98,135,10,8,0
1276,10805270,5,0.0,923.0,3539.5,2,48,126,148,18,6,0
1277,A7297,3,0.0,115.0,15.0,2,23,90,63,6,5,0
1278,10803539,6,203.25,770.25,97.0,2,47,51,109,21,7,1
1279,10804573,7,670.25,1362.0,18.0,2,289,249,220,17,11,1
1280,10804577,6,180.0,5.0,12.0,2,19,59,50,10,6,0
1281,10804606,2,67.75,54.5,155.25,3,244,303,203,14,13,0
1282,10895540,5,5.5,37.0,11.0,1,15,48,61,9,5,0
1283,A7960,4,0.0,47.0,46.5,1,0,21,80,14,4,1
1284,10855618,8,291.5,447.0,585.5,5,176,165,200,18,8,1
1285,10804071,8,145.5,242.5,171.5,3,408,192,566,29,4,1
1286,10805056,8,187.0,275.5,203.0,2,31,39,99,14,5,1
1287,10821547,4,6.0,75.5,24.0,2,21,90,43,6,7,1
1288,10721626,7,225.25,385.25,48.5,3,268,315,638,15,4,0
1289,10804045,1,0.0,4.5,18.0,1,21,198,218,4,4,0
1290,D6342,7,27.0,48.5,24.0,2,48,48,252,19,5,0
1291,10855309,11,2096.25,452.0,1023.5,2,244,91,347,45,7,0
1292,10803608,5,56.75,168.5,210.25,1,71,63,273,21,4,0
1293,10851287,3,102.0,80.0,219.0,2,42,81,49,9,6,1
1294,10882789,5,0.0,47.0,176.0,2,80,165,181,9,4,1
1295,10804882,4,0.5,112.0,53.0,1,74,137,118,8,7,1
1296,10790954,9,90.0,94.75,5.0,2,96,86,362,18,4,1
1297,10804017,3,7.75,82.75,33.0,1,48,78,252,12,6,1
1298,10816549,6,398.0,555.75,252.5,2,322,226,313,18,5,1
1299,10859854,8,527.0,930.5,702.25,5,259,175,338,25,10,1
1300,10844686,1,0.0,0.0,10.0,1,0,40,16,2,4,0
1301,10860353,11,2863.75,1095.75,359.5,2,432,78,695,87,8,1
1302,10805206,4,62.5,177.25,182.5,2,101,128,211,12,4,1
1303,10804423,7,886.5,805.5,235.0,3,212,161,297,22,5,0
1304,10804554,3,0.0,9.0,59.0,1,1,44,44,5,4,0
1305,10824618,5,87.0,205.25,28.25,3,17,23,42,12,6,1
1306,10803871,3,120.0,164.0,18.0,2,22,78,49,10,4,0
1307,10875823,2,0.0,13.0,25.0,1,12,41,39,4,4,0
1308,10804953,5,965.5,1909.25,3590.25,3,212,213,254,28,10,1
1309,10816114,4,0.25,0.0,61.0,2,2,49,124,7,5,0
1310,10804389,4,25.75,403.25,469.5,2,29,87,92,9,9,0
1311,A7463,6,0.25,33.75,8.0,1,9,51,176,15,4,0
1312,A7655,8,163.0,422.5,180.5,1,68,76,303,25,6,0
1313,10804419,5,24.75,176.5,52.0,2,17,31,31,8,6,0
1314,10801142,7,22.5,61.0,20.75,2,20,35,186,16,4,0
1315,A7455,5,24.75,96.0,188.75,2,25,41,254,21,6,1
1316,10804616,4,4.0,31.0,43.0,2,0,25,55,8,4,0
1317,10832674,2,1.5,44.0,9.0,2,35,149,68,7,4,1
1318,10832546,2,0.0,395.5,8.0,1,8,102,55,3,5,0
1319,10804481,5,0.25,65.5,61.0,1,40,88,72,9,6,1
1320,A7404,2,0.0,41.0,20.0,1,1,36,6,2,4,0
1321,10834005,6,24.0,0.0,42.0,1,5,18,39,7,8,1
1322,10804637,3,4.0,108.0,83.0,1,6,25,26,6,5,1
1323,10804914,6,511.0,168.5,192.0,1,48,39,109,18,11,1
1324,10846787,4,16.0,34.0,1.5,1,128,147,154,8,6,0
1325,10805006,7,96.5,150.0,377.0,1,539,364,268,19,5,1
1326,10754551,6,29.25,80.0,66.5,2,46,48,196,14,11,1
1327,D6349,7,312.75,26.0,4.0,1,68,62,162,16,9,1
1328,10815801,5,265.0,93.0,47.0,2,59,76,117,12,5,1
1329,10860144,3,0.0,46.0,96.0,1,10,45,39,7,5,0
1330,10804855,4,0.0,9.5,67.0,1,0,18,21,6,5,0
1331,10858534,5,0.0,21.5,3.75,2,3,43,192,15,4,0
1332,10804436,5,1.0,10.0,6.0,1,2,4,23,7,4,0
1333,10825137,4,21.0,20.5,46.5,2,71,116,252,9,5,1
1334,D6283,2,22.5,73.75,73.0,1,41,88,24,4,5,1
1335,10804272,6,199.5,1003.5,597.0,1,205,186,266,20,7,1
1336,B6676,8,17.0,29.0,32.0,1,76,238,418,14,4,1
1337,10804040,1,10.0,45.0,24.0,2,48,251,194,4,4,0
1338,10864476,4,0.0,8.0,8.0,1,6,45,111,8,4,1
1339,10765424,5,4.75,63.5,28.5,3,25,86,199,10,4,0
1340,10804860,5,8.0,50.5,55.75,1,23,40,73,11,4,0
1341,10847613,6,402.25,311.0,71.75,1,83,88,75,13,9,1
1342,10805173,7,230.0,659.5,456.25,2,306,144,474,30,11,0
1343,10829808,2,0.0,0.0,32.0,1,13,190,45,4,4,0
1344,10838907,5,194.0,245.5,113.0,1,68,58,151,16,10,1
1345,H9166,6,630.0,408.0,185.75,6,121,99,190,20,11,1
1346,10813877,8,481.0,669.0,370.0,2,498,197,1107,52,7,0
1347,10813004,7,357.75,162.75,296.75,3,98,84,126,16,8,1
1348,10848795,2,0.0,0.0,826.0,1,1,211,187,5,5,1
1349,10858385,4,385.0,17.5,13.0,1,107,228,97,9,8,1
1350,10805278,3,24.0,3.0,6.0,1,8,59,25,3,4,1
1351,10878292,5,234.75,0.0,100.5,1,58,54,38,11,6,0
1352,D6278,11,542.25,442.5,984.5,1,241,101,808,48,12,0
1353,10803818,3,0.0,69.0,65.0,2,21,75,72,11,4,0
1354,10805167,3,10.0,5.0,59.0,1,56,91,122,9,4,0
1355,10721632,8,159.0,187.25,106.5,3,201,171,809,27,7,1
1356,10843296,4,2.25,0.0,12.5,1,15,30,121,10,6,0
1357,10863891,2,0.0,0.0,118.0,2,2,30,10,2,4,1
1358,10803534,3,24.0,37.0,8.0,2,17,22,105,14,7,0
1359,10804983,4,27.0,10.0,27.5,1,1,21,101,10,5,0
1360,10803876,5,309.25,400.5,488.25,3,347,364,991,18,5,0
1361,10844684,2,0.0,3.0,5.0,1,2,12,13,3,4,1
1362,10826983,6,282.5,134.5,59.5,4,276,317,229,15,12,0
1363,10826583,4,0.0,0.0,4.0,1,3,8,9,4,5,0
1364,10842353,5,123.0,34.5,13.0,2,37,58,77,11,9,1
1365,10828294,4,5.0,31.0,45.0,1,34,45,111,12,7,1
1366,10804507,5,56.5,18.0,15.0,2,22,39,79,10,11,0
1367,10864463,7,244.5,146.5,99.75,3,14,32,54,15,6,0
1368,10804048,1,0.0,14.0,1.5,1,2,41,58,4,4,0
1369,10804475,8,58.0,344.75,0.0,2,213,153,176,13,7,1
1370,10866133,7,91.5,0.0,0.0,3,21,159,148,17,15,0
1371,A7558,3,4.25,7.0,0.0,1,6,38,121,5,5,1
1372,10803863,5,156.75,20.0,0.0,2,7,30,26,6,4,0
1373,A7221,6,38.0,20.0,5.5,2,20,46,180,15,6,1
1374,10805202,6,48.0,178.5,215.5,2,40,60,165,18,6,0
1375,10814993,1,0.0,17.0,19.75,1,21,117,57,3,4,0
1376,10843255,2,4.0,0.0,8.0,1,1,19,58,4,4,0
1377,10876808,5,58.0,327.75,133.0,1,88,115,155,12,4,0
1378,10887258,3,9.0,23.0,62.0,2,40,63,29,6,5,0
1379,10853896,1,0.0,0.0,5.0,1,3,32,11,2,7,1
1380,10803654,5,406.25,945.75,66.5,2,122,71,366,23,8,0
1381,10804400,7,1858.5,1114.5,870.5,4,389,219,503,32,8,1
1382,10852800,4,39.25,0.0,4.0,5,6,59,48,7,5,0
1383,10804659,1,0.0,0.0,12.0,1,3,36,17,2,5,0
1384,10805185,6,51.0,59.0,87.0,2,57,70,123,15,4,1
1385,10804502,5,22.5,71.0,317.0,2,35,54,41,10,8,1
1386,10824053,5,76.25,561.75,192.5,1,143,112,412,18,6,1
1387,10805227,2,0.0,390.0,400.0,1,10,70,34,4,4,1
1388,10804831,9,386.0,617.5,107.5,2,60,32,85,35,13,1
1389,10840818,11,347.0,273.25,416.25,6,136,90,427,44,10,1
1390,10804338,9,388.0,599.0,223.5,5,70,59,276,31,9,1
1391,10805156,12,2223.75,2114.0,853.25,7,807,210,868,68,10,1
1392,10803618,7,891.25,89.0,154.0,3,81,95,340,20,9,1
1393,A7254,9,149.5,461.25,227.25,1,74,87,381,25,11,1
1394,10805022,8,101.5,517.0,1915.0,2,392,282,746,36,6,1
1395,10711219,7,367.5,457.25,104.25,3,63,63,292,25,6,1
1396,10881648,5,950.5,629.0,80.5,3,113,123,225,13,14,0
1397,10805036,7,175.5,745.5,1815.5,1,371,312,468,24,6,0
1398,10803771,9,1124.5,485.5,91.0,3,283,207,807,30,4,0
1399,10874820,2,0.0,24.0,12.0,1,0,34,20,3,4,0
1400,10803581,5,103.75,82.0,122.0,1,188,321,215,8,5,0
1401,10840717,6,48.0,125.75,327.75,1,194,319,385,17,9,0
1402,10868789,4,0.0,56.0,50.0,4,11,48,77,11,4,1
1403,10829809,1,0.0,0.0,0.5,1,1,51,3,1,6,1
1404,10843194,1,8.0,65.25,54.5,1,67,139,336,12,6,1
1405,10856921,3,500.5,399.0,1109.0,3,62,130,54,10,5,0
1406,10803737,6,22.5,70.0,111.75,1,54,76,206,18,7,1
1407,10774988,6,503.5,167.5,110.0,2,99,121,93,14,7,1
1408,10805552,5,1652.5,4881.5,4369.5,5,786,436,825,39,10,1
1409,10803919,6,23.75,48.0,37.25,3,46,146,215,13,13,0
1410,H9168,10,1020.75,416.25,103.75,5,305,161,745,43,9,1
1411,10804942,9,516.0,1491.0,511.0,2,153,67,155,31,11,1
1412,A7011,6,45.75,127.25,214.5,1,140,130,552,21,10,0
1413,A7601,6,28.0,69.25,27.0,2,111,112,434,26,5,0
1414,10816858,6,427.75,96.75,7.25,4,96,81,329,16,6,1
1415,10805151,3,14.0,37.0,5.0,1,26,81,56,6,4,0
1416,J6872,5,5.0,95.5,29.0,3,17,51,90,10,6,1
1417,H9171,8,876.0,272.5,8.0,3,90,95,298,24,8,1
1418,10781320,7,266.5,156.25,146.0,2,228,171,634,16,12,0
1419,10839926,4,124.5,409.75,30.0,1,437,373,311,16,6,1
1420,10826585,1,0.0,0.0,9.5,1,3,54,40,3,9,0
1421,10874846,8,116.0,356.5,201.0,1,143,171,251,19,4,1
1422,B7018,2,0.0,0.0,12.0,2,2,21,17,3,4,0
1423,10850050,5,34.0,66.0,12.0,1,19,29,52,9,4,1
1424,10896500,8,549.5,333.75,415.75,5,246,213,360,19,4,1
1425,10803607,5,131.5,237.0,55.25,3,107,147,293,17,4,1
1426,10805041,9,1798.5,3392.75,2276.0,3,625,137,1636,83,13,1
1427,10803691,8,1176.5,3195.75,1628.75,3,592,183,1538,63,6,0
1428,10803813,4,127.25,781.75,1075.5,2,197,210,313,12,0,0
1429,10826556,11,353.25,771.0,66.0,2,414,174,558,31,4,0
1430,10824658,8,493.75,162.0,46.25,3,107,95,171,17,7,0
1431,10803675,4,79.0,282.5,190.0,2,171,127,196,22,8,0
1432,10842215,7,361.75,145.75,244.0,1,102,168,472,23,6,1
1433,10854645,2,116.5,96.0,89.0,1,15,45,33,5,4,1
1434,10881057,4,0.0,0.0,17.0,1,12,189,46,6,8,0
1435,10792232,7,52.75,88.75,195.0,2,375,285,832,27,5,0
1436,10804579,10,380.5,2233.5,2605.0,2,975,352,676,39,10,1
1437,10885610,3,0.0,22.0,30.0,1,0,16,11,4,8,0
1438,10844494,9,285.5,62.0,45.0,4,43,23,86,20,14,1
1439,10831155,3,0.0,0.0,69.5,1,16,186,49,5,7,1
1440,H9164,8,223.5,637.25,175.0,4,216,192,510,28,13,1
1441,D6328,6,107.5,28.5,327.5,1,137,74,200,20,5,1
1442,10804624,6,549.5,617.0,863.75,2,76,89,67,16,9,0
1443,10805164,10,976.0,630.5,104.75,2,111,81,591,45,10,1
1444,10754504,5,106.5,278.75,155.5,2,132,106,355,17,9,1
1445,10804562,6,221.0,239.5,5.75,2,146,119,139,15,8,1
1446,B7210,2,0.0,0.0,265.0,1,0,88,7,2,6,0
1447,10844685,5,26.0,13.0,13.0,1,4,19,39,7,4,0
1448,10801100,7,114.75,150.0,127.75,2,47,54,246,18,5,1
1449,10837110,7,83.75,53.0,50.0,2,37,59,114,15,5,0
1450,10848658,3,0.0,338.0,186.0,2,21,151,39,5,4,1
1451,10803738,5,5.75,57.75,19.0,1,18,60,72,8,6,0
1452,10803540,1,0.0,5.0,29.5,1,59,228,310,6,4,1
1453,10834227,5,173.25,147.5,10.75,2,181,134,381,19,7,0
1454,10803637,9,448.0,575.5,28.25,2,105,94,228,21,5,0
1455,10878350,5,130.75,348.25,309.75,1,166,73,313,30,13,1
1456,10804830,4,0.0,73.0,79.5,1,18,89,24,4,4,1
1457,10804911,3,0.0,57.0,37.0,1,5,60,68,8,4,1
1458,10805126,3,60.0,4.25,92.0,2,148,310,109,8,7,0
1459,10804283,2,0.0,70.0,6.0,1,41,63,172,13,4,0
1460,10851146,8,259.75,347.0,51.0,1,44,37,130,18,8,1
1461,10803923,5,72.25,304.5,78.0,2,36,90,152,13,11,0
1462,10804663,5,171.5,291.0,62.0,2,49,41,115,14,7,1
1463,10803599,9,541.75,336.75,209.0,4,160,108,184,20,4,1
1464,10804508,5,79.25,374.5,156.0,1,63,59,102,16,9,0
1465,10803723,11,534.5,765.0,672.0,2,230,75,413,45,10,0
1466,10805222,7,0.0,43.0,207.25,3,138,282,281,14,9,0
1467,10816839,8,149.75,45.0,61.0,2,110,79,276,17,4,1
1468,10804333,2,2.0,415.5,578.75,3,244,364,297,14,8,0
1469,A7388,5,41.0,112.5,69.5,1,48,71,100,10,5,1
1470,10887453,7,265.25,393.75,216.0,3,75,42,70,18,7,0
1471,A7147,6,10.25,44.75,1.5,1,14,40,113,13,4,1
1472,10859610,2,0.0,220.0,154.5,1,8,33,51,9,4,1
1473,10836946,4,0.0,3.0,45.0,1,21,30,34,6,5,0
1474,10854780,7,18.0,257.5,259.0,1,127,74,328,24,6,0
1475,10803926,6,134.5,64.5,213.75,1,68,79,122,15,12,1
1476,10876754,5,163.5,74.0,25.0,6,28,39,61,13,7,1
1477,10814390,2,0.0,6.0,2.25,1,4,15,44,4,4,0
1478,10711224,7,197.5,287.5,17.5,1,24,36,198,19,8,1
1479,A7808,5,0.5,103.0,6.5,1,16,93,63,7,6,0
1480,10821562,4,79.5,11.0,100.0,1,147,181,152,9,7,0
1481,N8537,3,525.5,724.0,305.0,2,36,103,80,13,6,1
1482,10801901,7,15.5,264.0,61.5,3,10,46,188,17,5,1
1483,S5701,2,0.0,0.0,17.0,1,7,29,29,3,4,0
1484,10805205,11,355.25,2059.0,701.0,1,902,507,1732,56,6,0
1485,10880084,2,3.5,0.0,22.5,2,0,25,14,4,6,0
1486,10822456,5,242.25,303.5,679.0,2,228,202,637,24,7,1
1487,10851126,4,0.0,1.0,3.0,2,0,34,52,6,5,0
1488,10830833,3,0.0,44.0,73.0,1,11,70,47,4,4,1
1489,10858285,9,641.0,1603.0,139.75,1,447,114,660,43,8,0
1490,10804578,8,770.0,548.5,103.25,3,156,79,209,35,10,0
1491,10874842,4,0.0,19.25,98.0,1,107,182,186,8,4,0
1492,10890040,3,1.0,12.0,30.0,1,38,35,79,9,4,1
1493,10826638,2,125.5,27.0,37.0,2,28,88,37,6,5,0
1494,C6772,8,494.25,190.75,36.5,2,200,136,228,19,13,1
1495,10805157,5,3.0,11.0,28.0,1,7,46,121,13,5,0
1496,10805203,8,169.5,645.5,226.0,1,142,123,208,29,6,0
1497,10874669,9,540.0,486.5,60.0,1,171,106,123,20,6,1
1498,10804858,3,0.0,21.0,1.0,1,0,17,18,5,4,1
1499,10805212,7,1369.0,1102.5,325.5,1,657,364,767,29,5,0
1500,10836082,8,1291.0,560.0,415.75,5,329,137,189,26,10,1
1501,10804268,8,435.25,667.5,505.75,3,99,74,315,22,9,0
1502,10804192,8,67.5,177.0,56.0,5,205,125,346,21,8,0
1503,B7110,2,0.0,0.0,16.0,2,1,17,12,2,5,0
1504,10812909,10,509.0,824.5,304.25,1,390,179,1003,42,14,1
1505,10804000,6,36.5,311.0,59.75,1,178,257,228,17,5,0
1506,10803740,2,0.0,42.0,226.0,2,8,67,45,7,5,1
1507,10857369,6,365.75,451.5,142.0,2,128,107,113,19,10,0
1508,10814842,5,137.0,203.5,5.0,4,7,7,43,20,9,0
1509,A7688,4,10.0,67.0,46.0,1,6,74,48,8,4,0
1510,10890754,5,158.0,56.0,47.0,1,37,38,54,10,5,1
1511,10804253,6,459.0,373.0,395.25,3,608,445,698,27,6,0
1512,B7188,2,0.0,0.0,8.0,1,0,3,9,3,4,0
1513,10804973,9,1950.0,947.75,387.5,3,190,177,365,24,5,1
1514,C6651,6,71.0,147.25,161.0,1,209,183,364,20,8,0
1515,10859891,7,16.5,58.5,33.0,1,84,90,152,17,6,0
1516,10805193,5,166.75,360.75,177.5,1,152,313,389,16,5,0
1517,10874860,2,0.0,15.0,66.0,1,24,205,103,4,4,0
1518,10830486,3,29.0,34.0,10.0,1,18,74,25,3,4,1
1519,D6047,4,489.0,463.75,459.0,3,70,92,188,12,5,0
1520,10864475,4,7.0,0.75,52.0,1,3,45,115,8,4,1
1521,10806471,4,344.5,0.0,168.0,1,6,70,8,7,6,1
1522,A7454,5,23.5,37.25,147.75,2,17,46,162,12,7,1
1523,10814995,9,685.25,320.5,131.0,2,56,38,95,23,5,1
1524,10804548,6,200.0,181.0,209.5,1,34,59,54,10,4,1
1525,10804385,11,230.25,176.25,150.5,4,48,45,226,25,13,0
1526,10832544,9,127.0,283.0,348.5,1,71,43,134,23,7,0
1527,10804620,6,52.0,193.0,174.0,1,26,88,48,10,6,0
1528,10825140,5,31.75,174.5,406.0,1,80,106,329,19,6,0
1529,10855308,5,168.0,360.75,231.5,1,98,48,186,24,5,0
1530,10817552,4,0.0,21.0,21.0,1,1,25,27,7,12,0
1531,10824624,5,55.0,172.75,10.0,2,204,146,350,23,10,0
1532,10804646,7,473.0,124.0,89.0,1,66,44,35,16,12,1
1533,A7371,3,10.25,19.75,19.0,1,9,39,102,7,5,1
1534,10803683,12,605.75,543.5,139.75,1,473,249,677,30,8,0
1535,A7770,3,0.0,0.0,272.0,1,0,29,27,4,4,0
1536,10890811,6,755.75,351.5,478.0,4,119,91,169,19,9,0
1537,10843113,6,17.0,124.0,23.5,2,124,133,599,31,8,0
1538,10882791,3,5.0,35.0,233.0,2,93,183,165,11,4,1
1539,A7157R,2,40.0,5.0,4.0,1,0,5,6,5,4,1
1540,10804898,1,0.0,2.0,4.5,1,13,96,25,2,8,1
1541,10891705,3,98.5,47.0,116.0,1,8,17,40,10,4,0
1542,10833717,7,129.25,203.0,21.5,1,53,49,268,34,5,0
1543,10844795,3,23.5,0.0,74.5,1,3,10,8,6,5,0
1544,10857725,6,19.0,78.0,30.25,3,70,90,144,13,8,0
1545,10870708,5,141.0,282.0,35.5,1,246,272,209,12,8,0
1546,10803727,7,96.0,68.5,442.5,1,132,177,196,10,4,1
1547,10859655,7,191.5,63.0,20.0,3,17,44,58,11,5,1
1548,10804193,6,24.0,33.0,110.75,3,235,305,943,22,7,0
1549,10759904,6,11.0,17.5,2.5,1,28,60,321,15,7,0
1550,10805243,5,272.0,101.0,64.0,1,12,41,40,8,4,1
1551,10805178,3,0.0,150.0,2190.75,1,83,382,288,10,7,0
1552,10871147,6,1238.25,108.0,132.0,3,65,95,104,13,9,0
1553,10864479,5,83.0,28.5,84.0,1,15,18,30,9,4,1
1554,10820256,6,416.75,250.5,32.25,2,20,30,57,13,5,1
1555,10803897,1,55.0,83.25,2.0,1,25,90,203,10,5,0
1556,10804391,8,799.0,2199.25,317.0,3,482,361,272,20,9,1
1557,10840300,5,21.75,61.5,4.0,1,129,147,172,11,5,1
1558,10805099,6,0.0,24.0,86.5,2,50,86,52,9,4,1
1559,10804948,5,192.0,307.5,232.0,2,272,221,536,23,6,0
1560,10827735,9,818.75,1216.0,558.75,2,398,124,1041,67,10,0
1561,A7131,5,57.25,81.0,133.5,2,18,38,85,12,5,1
1562,10804798,11,109.5,338.0,532.0,1,21,103,406,36,8,1
1563,10804415,2,17.25,28.0,1.0,1,23,93,33,4,4,1
1564,A7935,6,366.0,246.5,26.0,1,21,29,25,11,8,1
1565,10804154,4,72.0,1120.5,323.0,1,73,162,143,14,6,0
1566,10804990,6,32.75,780.25,156.0,3,192,105,555,28,11,0
1567,10804813,6,44.0,612.75,190.5,2,130,147,235,14,5,1
1568,10803735,7,81.0,144.0,72.0,1,67,80,112,9,4,1
1569,10831254,4,31.0,42.5,15.5,1,7,71,81,7,4,0
1570,10803620,5,352.5,353.0,43.0,2,99,68,246,18,6,0
1571,10805108,3,111.0,464.25,14.0,1,35,96,233,12,4,1
1572,A7733,5,20.25,10.0,25.0,2,11,24,158,12,5,0
1573,10875822,2,0.0,13.0,19.0,1,4,35,26,3,4,0
1574,10819429,2,10.5,28.25,39.25,1,109,129,199,9,4,0
1575,10804488,8,673.25,1095.0,273.25,1,140,66,225,30,6,1
1576,K7581,8,5.75,25.5,8.5,3,49,105,193,14,5,0
1577,10805134,6,324.5,146.5,210.75,2,383,199,1164,37,4,1
1578,10804604,5,2215.0,401.0,5.0,1,358,364,275,15,4,1
1579,A7124,1,0.0,7.0,23.0,2,9,51,34,5,5,0
1580,10676574,7,75.5,11.0,130.0,1,72,90,239,13,5,0
1581,10803967,6,24.0,173.0,116.0,2,41,50,58,10,5,1
1582,10817697,5,37.0,17.5,123.0,3,80,102,358,18,5,0
1583,10813586,6,122.0,121.0,48.5,2,34,34,83,12,4,1
1584,10804723,7,83.0,185.5,112.5,1,41,74,43,9,6,1
1585,10884510,5,156.5,197.5,110.5,2,52,36,36,12,7,0
1586,10803628,4,15.0,44.5,3.0,1,7,49,96,8,4,0
1587,10805029,3,52.0,191.0,262.0,1,32,105,122,9,5,1
1588,A7402,3,0.0,27.0,42.0,1,0,31,14,4,8,0
1589,10885486,1,8.0,289.5,63.5,2,117,80,263,16,7,0
1590,M7187,2,28.5,6.5,6.25,1,15,27,30,6,5,1
1591,10804828,4,37.5,61.5,29.0,1,47,79,83,8,5,1
1592,10835142,5,139.25,59.0,23.5,2,58,90,94,11,5,1
1593,10805231,5,28.0,225.0,292.0,1,68,203,315,11,5,1
1594,10804867,7,158.75,590.0,137.0,2,408,178,332,23,10,1
1595,10892485,6,51.5,17.0,75.0,1,41,44,166,14,10,0
1596,10804699,7,395.0,177.5,13.0,2,68,60,133,18,10,1
1597,10804740,11,225.0,791.5,632.25,1,184,150,556,42,16,1
1598,A7212,6,57.0,334.0,105.75,1,36,108,66,10,8,0
1599,M9509H,2,22.0,85.0,84.5,2,9,7,30,11,8,0
1600,10804250,7,410.0,299.5,73.75,1,46,52,234,21,12,1
1601,10804567,11,1371.75,3328.0,102.5,4,432,198,345,34,16,1
1602,10852635,5,24.0,13.0,10.0,1,14,59,47,7,4,0
1603,10804748,8,74.0,97.0,174.0,2,65,92,125,16,4,1
1604,10803674,7,367.0,1354.75,195.0,3,580,161,945,47,10,0
1605,10817488,5,57.0,86.5,222.0,1,87,183,248,16,8,1
1606,10866237,3,253.5,150.0,190.0,1,15,48,30,9,21,1
1607,10847789,8,554.0,357.25,71.5,2,466,228,657,29,8,0
1608,10870002,8,196.5,408.0,257.5,1,117,54,143,22,8,0
1609,10846905,2,0.0,1.0,5.5,1,0,3,4,2,4,1
1610,10804125,5,6.0,14.0,42.0,1,15,79,97,8,9,0
1611,10824603,4,73.0,109.5,48.0,1,25,31,53,9,8,1
1612,10880716,4,0.0,2.0,111.0,2,28,60,29,6,6,0
1613,10797434,7,127.0,423.75,270.75,1,91,98,381,21,7,1
1614,10820295,7,146.5,513.5,338.5,1,342,183,303,24,10,1
1615,10850620,4,141.0,73.75,17.5,2,12,39,35,8,8,1
1616,10803643,3,30.0,353.5,0.5,2,85,236,121,7,4,1
1617,10816769,3,10.0,2.0,4.0,1,33,234,39,7,4,1
1618,10803639,7,190.0,662.75,2.0,2,588,443,776,24,8,1
1619,10871823,5,21.0,94.5,27.5,1,9,39,122,11,4,0
1620,10805180,7,30.0,27.0,53.0,1,57,151,198,12,9,0
1621,A7524,4,0.0,47.25,23.5,1,0,28,55,7,8,0
1622,10804265,7,705.25,474.25,310.5,3,175,138,288,21,7,1
1623,10804196,7,274.5,367.0,340.5,3,95,51,319,34,8,1
1624,10761417,6,147.5,56.0,83.5,1,35,59,263,16,9,1
1625,10803634,5,862.0,366.5,120.75,2,148,126,550,25,4,0
1626,10841412,6,30.5,6.0,71.5,1,28,38,109,9,5,1
1627,10848238,7,63.5,339.5,110.25,1,204,164,251,19,9,0
1628,10803722,6,169.75,956.0,424.25,2,248,280,520,22,6,0
1629,10761428,5,4.5,52.5,52.5,3,33,42,138,14,4,0
1630,10874848,3,0.0,22.0,105.0,1,130,263,215,9,4,0
1631,D6185,4,137.0,643.0,316.0,2,83,114,37,10,4,1
1632,D6205,9,997.5,1483.0,57.0,1,255,113,217,26,11,1
1633,10803604,3,0.0,68.0,111.0,2,16,43,31,6,5,0
1634,10866148,3,20.5,462.5,325.5,1,135,79,289,26,7,0
1635,10803596,8,1086.25,683.5,333.0,4,368,298,579,24,5,1
1636,10846373,5,74.0,108.0,200.0,1,23,68,90,13,6,0
1637,10817930,6,580.5,381.5,423.5,1,209,164,176,21,8,1
1638,10829653,6,227.0,479.0,104.0,1,47,46,36,12,11,1
1639,10805271,8,331.0,383.0,268.0,1,182,121,472,28,6,0
1640,10803847,1,16.0,548.5,283.25,1,171,182,626,18,9,0
1641,10851887,8,240.0,894.5,341.5,2,34,53,78,19,8,1
1642,J6869,2,0.0,0.0,294.0,3,2,68,36,4,5,0
1643,10838274,4,46.5,88.5,20.5,1,194,363,226,8,4,1
1644,10804387,5,59.5,59.5,28.75,2,121,137,83,7,7,0
1645,A7239,5,0.0,4.0,10.5,1,0,41,44,9,4,0
1646,10918884,2,0.0,173.0,152.5,1,4,57,9,4,5,1
1647,10804518,5,158.0,64.0,2.0,1,43,37,28,8,5,1
1648,10735816,6,98.0,324.25,13.75,1,21,58,268,16,5,1
1649,A7130,5,63.5,67.0,18.0,2,44,46,95,13,7,0
1650,10804933,9,356.5,841.0,140.5,3,471,361,394,23,6,1
1651,10877291,2,0.0,0.0,7.0,2,0,21,9,2,4,0
1652,10804052,3,117.5,184.5,134.5,3,103,134,483,17,6,0
1653,10847010,11,1346.0,1575.0,754.5,5,225,117,329,36,10,1
1654,10803925,5,12.5,212.25,118.5,3,92,194,229,12,5,1
1655,10804451,6,319.5,226.5,94.0,4,153,116,115,17,0,1
1656,10874166,4,0.0,20.0,64.5,1,8,28,40,6,4,1
1657,10803673,7,162.5,746.5,395.5,4,156,91,171,23,5,0
1658,10803663,8,28.25,38.75,20.25,3,274,275,410,13,8,1
1659,10789534,6,65.75,171.0,36.0,1,74,102,232,14,8,1
1660,10820294,9,692.0,425.5,311.0,3,190,109,632,37,9,1
1661,10804319,5,2.0,14.0,32.0,1,2,23,55,11,4,0
1662,10749560,8,304.5,958.5,105.0,2,67,105,286,16,9,1
1663,B6840,9,92.5,199.75,334.75,1,510,318,1017,33,0,0
1664,10834415,11,460.0,900.5,760.5,3,184,88,387,36,6,1
1665,10814994,4,40.0,9.0,0.5,1,12,70,33,7,8,0
1666,D6358,8,243.0,109.0,291.5,2,85,63,194,18,9,1
1667,10814989,8,1251.0,886.0,928.5,4,485,207,581,34,11,0
1668,10804248,8,154.0,50.5,2.5,4,45,62,135,15,4,0
1669,10805261,12,742.0,1173.5,2429.0,1,867,760,1862,52,0,0
1670,10805194,2,2.0,27.0,264.0,3,31,144,138,7,6,0
1671,10840784,3,328.0,450.0,0.5,2,42,119,75,9,4,0
1672,A7522,3,1.0,34.5,1.0,1,10,63,69,7,4,0
1673,10820358,5,46.5,99.0,71.5,3,96,101,393,19,7,0
1674,C6923,5,65.5,100.0,1185.5,1,75,150,191,11,0,1
1675,A7772,4,32.0,34.0,64.5,2,14,47,19,7,4,1
1676,10874850,2,0.0,18.0,25.0,1,5,40,39,4,4,1
1677,D6228,5,47.25,85.5,50.0,4,179,127,192,14,7,1
1678,10824787,6,64.0,49.5,31.5,1,147,163,161,18,7,1
1679,10803799,8,361.0,186.5,76.5,1,194,105,486,28,9,0
1680,10804994,3,92.5,69.0,159.0,2,23,37,30,7,7,0
1681,10804087,2,102.5,42.0,65.5,2,28,69,150,12,7,0
1682,10846981,4,0.0,160.5,90.0,1,47,79,67,9,6,1
1683,10805877,5,178.5,121.0,92.0,2,9,31,39,11,10,0
1684,10874163,5,28.25,128.0,105.0,2,72,77,112,13,4,0
1685,10804343,3,11.0,55.0,75.0,2,2,30,35,9,5,1
1686,10892441,2,0.0,0.0,150.0,2,5,320,69,2,8,1
1687,10803893,3,46.0,0.0,4382.0,2,27,211,60,9,6,0
1688,10805393,2,3.0,0.0,25.5,1,32,102,38,3,7,1
1689,10804538,8,497.0,328.5,359.25,3,242,151,331,25,9,1
1690,10816113,7,42.75,27.75,88.75,2,106,128,331,15,6,0
1691,A7691,4,0.0,4.0,8.0,1,1,9,13,6,7,0
1692,10805058,4,8.0,93.0,15.0,1,5,23,87,11,5,0
1693,D6277,5,18.0,0.5,30.0,1,20,60,98,7,9,1
1694,10804693,3,8.0,72.0,16.0,1,0,11,22,7,4,1
1695,10804069,9,413.75,629.75,211.0,1,35,106,258,24,4,1
1696,10866625,7,763.25,120.0,27.0,3,49,46,90,16,10,1
1697,10804491,2,10.0,143.5,184.75,3,167,299,184,10,8,0
1698,A7909,6,321.0,62.0,48.0,2,34,91,38,11,6,1
1699,10803580,6,218.0,190.0,100.5,1,71,128,139,10,6,1
1700,10874844,4,0.0,20.0,52.0,1,24,81,103,7,4,0
1701,D6330,6,32.5,84.0,113.0,1,62,38,66,13,8,1
1702,10803849,3,65.0,2.0,0.0,2,11,57,7,5,4,1
1703,F9737H,3,87.0,22.5,0.0,3,23,74,30,5,14,1
1704,10780588,3,26.0,0.0,0.0,2,8,114,137,5,7,0
1705,10833237,5,125.5,89.0,0.0,3,43,53,112,12,8,0
1706,10805017,4,51.5,50.5,0.0,1,4,35,37,6,4,0
1707,10821843,3,30.0,0.0,0.0,1,18,206,50,5,9,1
